Lib,Barcode,Sample_ID,Genotype,Sampletype,Experiment,Treatment,Concentration,Timepoint
L1,FLD0001,soil_Ctr_0_0_1,WT,soil,plant_soil,Ctr,0,0
L1,FLD0002,soil_Ctr_0_0_2,WT,soil,plant_soil,Ctr,0,0
L1,FLD0003,soil_Ctr_0_0_3,WT,soil,plant_soil,Ctr,0,0
L1,FLD0004,soil_Bx_10_1_1,WT,soil,plant_soil,Bx,10,1
L1,FLD0005,soil_Bx_10_1_2,WT,soil,plant_soil,Bx,10,1
L1,FLD0006,soil_Bx_10_1_3,WT,soil,plant_soil,Bx,10,1
L1,FLD0007,soil_Tb_10_7_1,WT,soil,plant_soil,Tb,10,7
L1,FLD0008,soil_As_1000_7_1,WT,soil,plant_soil,As,1000,7
L1,FLD0009,soil_Tb_100_1_1,WT,soil,plant_soil,Tb,100,1
L1,FLD0010,soil_Tb_100_1_2,WT,soil,plant_soil,Tb,100,1
L1,FLD0011,soil_Tb_100_7_7,WT,soil,plant_soil,Tb,100,7
L1,FLD0012,soil_As_10_1_1,WT,soil,plant_soil,As,10,1
L1,FLD0013,soil_As_10_1_2,WT,soil,plant_soil,As,10,1
L1,FLD0014,soil_As_10_1_3,WT,soil,plant_soil,As,10,1
L1,FLD0015,soil_Bx_10_7_3,WT,soil,plant_soil,Bx,10,7
L1,FLD0016,soil_Tb_100_7_3,WT,soil,plant_soil,Tb,100,7
L1,FLD0017,soil_Ctr_0_7_1,Bx_,soil,plant_soil,Ctr,0,7
L1,FLD0018,soil_Ctr_0_7_2,Bx_,soil,plant_soil,Ctr,0,7
L1,FLD0019,soil_Ctr_0_7_7,Bx_,soil,plant_soil,Ctr,0,7
L1,FLD0020,soil_Bx_1000_1_1,Bx_,soil,plant_soil,Bx,1000,1
L1,FLD0021,soil_Bx_1000_1_2,Bx_,soil,plant_soil,Bx,1000,1
L1,FLD0022,soil_Bx_1000_1_3,Bx_,soil,plant_soil,Bx,1000,1
L1,FLD0023,soil_Bx_10_7_2,Bx_,soil,plant_soil,Bx,10,7
L1,FLD0024,soil_Tb_100_7_2,Bx_,soil,plant_soil,Tb,100,7
L1,FLD0025,soil_Tb_10_1_4,Bx_,soil,plant_soil,Tb,10,1
L1,FLD0026,soil_Tb_10_1_5,Bx_,soil,plant_soil,Tb,10,1
L1,FLD0027,soil_Tb_10_1_6,Bx_,soil,plant_soil,Tb,10,1
L1,FLD0028,soil_As_1000_1_4,Bx_,soil,plant_soil,As,1000,1
L1,FLD0029,soil_As_1000_1_5,Bx_,soil,plant_soil,As,1000,1
L1,FLD0030,soil_As_1000_1_6,Bx_,soil,plant_soil,As,1000,1
L1,FLD0031,soil_Bx_10_7_4,Bx_,soil,plant_soil,Bx,10,7
L1,FLD0032,soil_Tb_100_7_4,Bx_,soil,plant_soil,Tb,100,7
L1,FLD0033,soil_Ctr_0_1_4,WT,soil,plant_soil,Ctr,0,1
L1,FLD0034,soil_Ctr_0_1_5,WT,soil,plant_soil,Ctr,0,1
L1,FLD0035,soil_Ctr_0_1_6,WT,soil,plant_soil,Ctr,0,1
L1,FLD0036,soil_Bx_100_1_4,WT,soil,plant_soil,Bx,100,1
L1,FLD0037,soil_Bx_100_1_5,WT,soil,plant_soil,Bx,100,1
L1,FLD0038,soil_Bx_100_1_6,WT,soil,plant_soil,Bx,100,1
L1,FLD0039,soil_Tb_10_7_6,WT,soil,plant_soil,Tb,10,7
L1,FLD0040,soil_As_1000_7_6,WT,soil,plant_soil,As,1000,7
L1,FLD0041,soil_Tb_1000_7_1,WT,soil,plant_soil,Tb,1000,7
L1,FLD0042,soil_Tb_1000_7_2,WT,soil,plant_soil,Tb,1000,7
L1,FLD0043,soil_Tb_1000_7_3,WT,soil,plant_soil,Tb,1000,7
L1,FLD0044,soil_Bx_1000_7_1,WT,soil,plant_soil,Bx,1000,7
L1,FLD0045,soil_Bx_1000_7_2,WT,soil,plant_soil,Bx,1000,7
L1,FLD0046,soil_Bx_1000_7_3,WT,soil,plant_soil,Bx,1000,7
L1,FLD0047,sedi_Bx_1000_1_2,NA,sedi,lake_sedi,Bx,1000,1
L1,FLD0048,sedi_Tb_10_1_2,NA,sedi,lake_sedi,Tb,10,1
L1,FLD0049,soil_Bx_100_7_1,Bx_,soil,plant_soil,Bx,100,7
L1,FLD0050,soil_Bx_100_7_2,Bx_,soil,plant_soil,Bx,100,7
L1,FLD0051,soil_Bx_100_7_3,Bx_,soil,plant_soil,Bx,100,7
L1,FLD0052,soil_As_10_7_1,Bx_,soil,plant_soil,As,10,7
L1,FLD0053,soil_As_10_7_2,Bx_,soil,plant_soil,As,10,7
L1,FLD0054,soil_As_10_7_3,Bx_,soil,plant_soil,As,10,7
L1,FLD0055,sedi_Tb_10_7_1,NA,sedi,lake_sedi,Tb,10,7
L1,FLD0056,sedi_As_10_7_1,NA,sedi,lake_sedi,As,10,7
L1,FLD0057,sedi_As_100_7_1,NA,sedi,lake_sedi,As,100,7
L1,FLD0058,sedi_As_100_7_2,NA,sedi,lake_sedi,As,100,7
L1,FLD0059,sedi_As_100_7_3,NA,sedi,lake_sedi,As,100,7
L1,FLD0060,sedi_Tb_0_7_1,NA,sedi,lake_sedi,Ctr,0,7
L1,FLD0061,sedi_Tb_0_7_2,NA,sedi,lake_sedi,Ctr,0,7
L1,FLD0062,sedi_Tb_0_7_3,NA,sedi,lake_sedi,Ctr,0,7
L1,FLD0063,sedi_As_0_1_3,NA,sedi,lake_sedi,Ctr,0,1
L1,FLD0064,soil_Bx_1000_7_7,WT,soil,plant_soil,Bx,1000,7
L1,FLD0065,sedi_Ctr_0_1_4,NA,sedi,lake_sedi,Ctr,0,1
L1,FLD0066,sedi_Ctr_0_1_5,NA,sedi,lake_sedi,Ctr,0,1
L1,FLD0067,sedi_Ctr_0_1_6,NA,sedi,lake_sedi,Ctr,0,1
L1,FLD0068,sedi_Tb_100_1_4,NA,sedi,lake_sedi,Tb,100,1
L1,FLD0069,sedi_Tb_100_1_5,NA,sedi,lake_sedi,Tb,100,1
L1,FLD0070,sedi_Tb_100_1_6,NA,sedi,lake_sedi,Tb,100,1
L1,FLD0071,sedi_As_100_1_5,NA,sedi,lake_sedi,As,100,1
L1,FLD0072,water_Bx_10_1_5,NA,water,lake_sedi,Bx,10,1
L1,FLD0073,water_Ctr_0_1_4,NA,water,lake_sedi,Ctr,0,1
L1,FLD0074,water_Ctr_0_1_5,NA,water,lake_sedi,Ctr,0,1
L1,FLD0075,water_Ctr_0_1_6,NA,water,lake_sedi,Ctr,0,1
L1,FLD0076,sedi_Bx_1000_7_4,NA,sedi,lake_sedi,Bx,1000,7
L1,FLD0077,sedi_Bx_1000_7_5,NA,sedi,lake_sedi,Bx,1000,7
L1,FLD0078,sedi_Bx_1000_7_6,NA,sedi,lake_sedi,Bx,1000,7
L1,FLD0079,sedi_As_0_1_4,NA,sedi,lake_sedi,Ctr,0,1
L1,FLD0080,water_Tb_100_1_1,NA,water,lake_sedi,Tb,100,1
L1,FLD0081,sedi_Tb_1000_7_1,NA,sedi,lake_sedi,Tb,1000,7
L1,FLD0082,sedi_Tb_1000_7_2,NA,sedi,lake_sedi,Tb,1000,7
L1,FLD0083,sedi_Tb_1000_7_3,NA,sedi,lake_sedi,Tb,1000,7
L1,FLD0084,sedi_As_0_7_1,NA,sedi,lake_sedi,Ctr,0,7
L1,FLD0085,sedi_As_0_7_2,NA,sedi,lake_sedi,Ctr,0,7
L1,FLD0086,sedi_As_0_7_3,NA,sedi,lake_sedi,Ctr,0,7
L1,FLD0087,feces_Tb_1000_1_17_1,NA,feces,Mice,Tb,1000,1
L1,FLD0097,feces_As_100_0_9_1,NA,feces,Mice,As,0,0
L1,FLD0098,feces_As_100_0_9_3,NA,feces,Mice,As,0,0
L1,FLD0099,feces_As_100_0_9_5,NA,feces,Mice,As,0,0
L1,FLD0100,feces_As_100_0_10_2,NA,feces,Mice,As,0,0
L1,FLD0101,feces_As_100_0_10_4,NA,feces,Mice,As,0,0
L1,FLD0102,feces_As_1000_1_11_1,NA,feces,Mice,As,1000,1
L1,FLD0103,feces_Tb_10_1_13_1,NA,feces,Mice,Tb,10,1
L1,FLD0104,feces_Bx_10_1_1_1,NA,feces,Mice,Bx,10,1
L1,FLD0105,sedi_Ctr_0_7_4,NA,sedi,lake_sedi,Ctr,0,7
L1,FLD0106,sedi_Ctr_0_7_5,NA,sedi,lake_sedi,Ctr,0,7
L1,FLD0107,sedi_Ctr_0_7_6,NA,sedi,lake_sedi,Ctr,0,7
L1,FLD0108,sedi_Tb_100_7_4,NA,sedi,lake_sedi,Tb,100,7
L1,FLD0109,sedi_Tb_100_7_5,NA,sedi,lake_sedi,Tb,100,7
L1,FLD0110,sedi_Tb_100_7_6,NA,sedi,lake_sedi,Tb,100,7
L1,FLD0111,feces_Bx_10_1_1_2,NA,feces,Mice,Bx,10,1
L1,FLD0112,feces_Tb_100_1_16_4,NA,feces,Mice,Tb,100,1
L1,FLD0113,feces_Ctr_0_0_19_2,NA,feces,Mice,Ctr,0,0
L1,FLD0114,feces_Ctr_0_0_19_4,NA,feces,Mice,Ctr,0,0
L1,FLD0115,feces_Ctr_0_0_20_1,NA,feces,Mice,Ctr,0,0
L1,FLD0116,feces_Ctr_0_0_20_3,NA,feces,Mice,Ctr,0,0
L1,FLD0117,feces_As_10_1_7_2,NA,feces,Mice,As,10,1
L1,FLD0118,feces_As_10_1_8_1,NA,feces,Mice,As,10,1
L1,FLD0119,feces_As_10_1_8_5,NA,feces,Mice,As,10,1
L1,FLD0120,feces_Tb_100_1_16_5,NA,feces,Mice,Tb,100,1
L1,FLD0121,feces_As_1000_0_11_4,NA,feces,Mice,As,0,0
L1,FLD0122,feces_As_1000_0_12_1,NA,feces,Mice,As,0,0
L1,FLD0123,feces_As_1000_0_12_3,NA,feces,Mice,As,0,0
L1,FLD0124,feces_As_1000_0_12_5,NA,feces,Mice,As,0,0
L1,FLD0125,feces_Tb_10_1_13_4,NA,feces,Mice,Tb,10,1
L1,FLD0126,feces_Tb_10_1_14_1,NA,feces,Mice,Tb,10,1
L1,FLD0127,feces_Tb_10_1_14_3,NA,feces,Mice,Tb,10,1
L1,FLD0128,feces_Tb_10_1_14_5,NA,feces,Mice,Tb,10,1
L1,FLD0129,feces_As_10_7_7_1,NA,feces,Mice,As,10,7
L1,FLD0130,feces_As_10_7_7_3,NA,feces,Mice,As,10,7
L1,FLD0131,feces_As_10_7_7_5,NA,feces,Mice,As,10,7
L1,FLD0132,feces_As_10_7_8_4,NA,feces,Mice,As,10,7
L1,FLD0133,roots_Tb_1000_1_1,WT,roots,plant_soil,Tb,1000,1
L1,FLD0134,roots_Tb_1000_1_2,WT,roots,plant_soil,Tb,1000,1
L1,FLD0137,feces_Tb_10_7_13_1,NA,feces,Mice,Tb,10,7
L1,FLD0138,feces_Tb_10_7_13_3,NA,feces,Mice,Tb,10,7
L1,FLD0139,feces_Tb_10_7_13_5,NA,feces,Mice,Tb,10,7
L1,FLD0140,feces_Tb_10_7_14_2,NA,feces,Mice,Tb,10,7
L1,FLD0141,feces_Tb_10_7_14_4,NA,feces,Mice,Tb,10,7
L1,FLD0143,water_As_10_1_2,NA,water,lake_sedi,As,10,1
L1,FLD0144,water_As_10_1_3,NA,water,lake_sedi,As,10,1
L1,FLD0145,feces_As_100_1_9_4,NA,feces,Mice,As,100,1
L1,FLD0146,feces_As_100_1_10_1,NA,feces,Mice,As,100,1
L1,FLD0147,feces_As_100_1_10_3,NA,feces,Mice,As,100,1
L1,FLD0148,feces_As_100_1_10_5,NA,feces,Mice,As,100,1
L1,FLD0149,roots_Tb_1000_1_4,Bx_,roots,plant_soil,Tb,1000,1
L1,FLD0150,roots_Tb_1000_1_5,Bx_,roots,plant_soil,Tb,1000,1
L1,FLD0151,roots_Tb_1000_1_6,Bx_,roots,plant_soil,Tb,1000,1
L1,FLD0152,water_Bx_1000_1_4,NA,water,lake_sedi,Bx,1000,1
L1,FLD0153,feces_Bx_100_7_3_4,NA,feces,Mice,Bx,100,7
L1,FLD0154,feces_Bx_100_7_4_1,NA,feces,Mice,Bx,100,7
L1,FLD0155,feces_Bx_100_7_4_3,NA,feces,Mice,Bx,100,7
L1,FLD0156,feces_Bx_100_7_4_5,NA,feces,Mice,Bx,100,7
L1,FLD0157,roots_Tb_10_1_5,WT,roots,plant_soil,Tb,10,1
L1,FLD0158,roots_Tb_10_1_6,WT,roots,plant_soil,Tb,10,1
L1,FLD0159,roots_Ctr_0_1_2,WT,roots,plant_soil,Ctr,0,1
L1,FLD0160,roots_Ctr_0_1_3,WT,roots,plant_soil,Ctr,0,1
L1,FLD0161,feces_Tb_100_7_15_4,NA,feces,Mice,Tb,100,7
L1,FLD0162,feces_Tb_100_7_16_1,NA,feces,Mice,Tb,100,7
L1,FLD0163,feces_Tb_100_7_16_3,NA,feces,Mice,Tb,100,7
L1,FLD0164,feces_Tb_100_7_16_5,NA,feces,Mice,Tb,100,7
L1,FLD0165,roots_Ctr_0_1_4,Bx_,roots,plant_soil,Ctr,0,1
L1,FLD0166,roots_Ctr_0_1_5,Bx_,roots,plant_soil,Ctr,0,1
L1,FLD0167,roots_Ctr_0_1_6,Bx_,roots,plant_soil,Ctr,0,1
L1,FLD0169,roots_Tb_100_7_1,WT,roots,plant_soil,Tb,100,7
L1,FLD0170,roots_Tb_100_7_2,WT,roots,plant_soil,Tb,100,7
L1,FLD0171,roots_Tb_100_7_3,WT,roots,plant_soil,Tb,100,7
L1,FLD0172,roots_Tb_100_7_7,WT,roots,plant_soil,Tb,100,7
L1,FLD0173,roots_As_1000_7_1,WT,roots,plant_soil,As,1000,7
L1,FLD0174,roots_As_1000_7_2,WT,roots,plant_soil,As,1000,7
L1,FLD0175,roots_As_1000_7_3,WT,roots,plant_soil,As,1000,7
L1,FLD0176,roots_Bx_10_7_1,Bx_,roots,plant_soil,Bx,10,7
L1,FLD0177,roots_Ctr_0_7_1,Bx_,roots,plant_soil,Ctr,0,7
L1,FLD0178,roots_Ctr_0_7_2,Bx_,roots,plant_soil,Ctr,0,7
L1,FLD0179,roots_Ctr_0_7_3,Bx_,roots,plant_soil,Ctr,0,7
L1,FLD0180,roots_Tb_10_7_1,Bx_,roots,plant_soil,Tb,10,7
L1,FLD0181,roots_Tb_10_7_2,Bx_,roots,plant_soil,Tb,10,7
L1,FLD0182,roots_Tb_10_7_3,Bx_,roots,plant_soil,Tb,10,7
L1,FLD0183,roots_As_1000_7_1,Bx_,roots,plant_soil,As,1000,7
L1,FLD0184,roots_Tb_1000_7_3,WT,roots,plant_soil,Tb,1000,7
L1,FLD0193,roots_Bx_1000_1_4,WT,roots,plant_soil,Bx,1000,1
L1,FLD0194,roots_Bx_1000_1_5,WT,roots,plant_soil,Bx,1000,1
L1,FLD0195,roots_Bx_1000_1_6,WT,roots,plant_soil,Bx,1000,1
L1,FLD0196,roots_Ctr_0_7_4,WT,roots,plant_soil,Ctr,0,7
L1,FLD0197,roots_Ctr_0_7_5,WT,roots,plant_soil,Ctr,0,7
L1,FLD0198,roots_Ctr_0_7_6,WT,roots,plant_soil,Ctr,0,7
L1,FLD0199,roots_Ctr_0_7_7,WT,roots,plant_soil,Ctr,0,7
L1,FLD0200,roots_As_1000_7_6,WT,roots,plant_soil,As,1000,7
L1,FLD0201,roots_Bx_10_1_4,Bx_,roots,plant_soil,Bx,10,1
L1,FLD0202,roots_Bx_10_1_5,Bx_,roots,plant_soil,Bx,10,1
L1,FLD0203,roots_Bx_10_1_6,Bx_,roots,plant_soil,Bx,10,1
L1,FLD0204,roots_As_1000_1_4,Bx_,roots,plant_soil,As,1000,1
L1,FLD0205,roots_As_1000_1_5,Bx_,roots,plant_soil,As,1000,1
L1,FLD0206,roots_As_1000_1_6,Bx_,roots,plant_soil,As,1000,1
L1,FLD0207,roots_As_10_7_5,WT,roots,plant_soil,As,10,7
L1,FLD0208,roots_As_1000_7_5,Bx_,roots,plant_soil,As,1000,7
L1,FLD0209,roots_Bx_100_7_1,Bx_,roots,plant_soil,Bx,100,7
L1,FLD0210,roots_Bx_100_7_2,Bx_,roots,plant_soil,Bx,100,7
L1,FLD0211,roots_Bx_100_7_3,Bx_,roots,plant_soil,Bx,100,7
L1,FLD0212,roots_Bx_100_7_7,Bx_,roots,plant_soil,Bx,100,7
L1,FLD0217,water_Tb_1000_1_1,NA,water,lake_sedi,Tb,1000,1
L1,FLD0218,water_Tb_1000_1_2,NA,water,lake_sedi,Tb,1000,1
L1,FLD0219,water_Tb_1000_1_3,NA,water,lake_sedi,Tb,1000,1
L1,FLD0226,roots_Bx_100_7_2,WT,roots,plant_soil,Bx,100,7
L1,FLD0227,roots_Bx_100_7_3,WT,roots,plant_soil,Bx,100,7
L1,FLD0228,water_As_1000_7_1,NA,water,lake_sedi,As,1000,7
L1,FLD0229,water_As_1000_7_2,NA,water,lake_sedi,As,1000,7
L1,FLD0231,water_Tb_0_7_1,NA,water,lake_sedi,Ctr,0,7
L1,FLD0232,water_Tb_0_7_2,NA,water,lake_sedi,Ctr,0,7
L1,FLD0233,water_Tb_1000_1_4,NA,water,lake_sedi,Tb,1000,1
L1,FLD0234,water_Tb_1000_1_5,NA,water,lake_sedi,Tb,1000,1
L1,FLD0235,water_Tb_1000_1_6,NA,water,lake_sedi,Tb,1000,1
L1,FLD0236,water_Tb_0_7_6,NA,water,lake_sedi,Ctr,0,7
L1,FLD0242,water_Ctr_0_7_5,NA,water,lake_sedi,Ctr,0,7
L1,FLD0243,water_Ctr_0_7_6,NA,water,lake_sedi,Ctr,0,7
L2,FLD0001,soil_Tb_1000_1_1,WT,soil,plant_soil,Tb,1000,1
L2,FLD0002,soil_Tb_1000_1_2,WT,soil,plant_soil,Tb,1000,1
L2,FLD0003,soil_Tb_1000_1_3,WT,soil,plant_soil,Tb,1000,1
L2,FLD0004,soil_As_100_1_1,WT,soil,plant_soil,As,100,1
L2,FLD0005,soil_As_100_1_2,WT,soil,plant_soil,As,100,1
L2,FLD0006,soil_As_100_1_3,WT,soil,plant_soil,As,100,1
L2,FLD0007,soil_Tb_10_7_2,WT,soil,plant_soil,Tb,10,7
L2,FLD0008,soil_As_1000_7_2,WT,soil,plant_soil,As,1000,7
L2,FLD0009,soil_Ctr_0_0_1,Bx_,soil,plant_soil,Ctr,0,0
L2,FLD0010,soil_Ctr_0_0_2,Bx_,soil,plant_soil,Ctr,0,0
L2,FLD0011,soil_Ctr_0_0_3,Bx_,soil,plant_soil,Ctr,0,0
L2,FLD0012,soil_Bx_10_1_1,Bx_,soil,plant_soil,Bx,10,1
L2,FLD0013,soil_Bx_10_1_2,Bx_,soil,plant_soil,Bx,10,1
L2,FLD0014,soil_Bx_10_1_3,Bx_,soil,plant_soil,Bx,10,1
L2,FLD0015,soil_Tb_10_7_1,Bx_,soil,plant_soil,Tb,10,7
L2,FLD0016,soil_As_1000_7_1,Bx_,soil,plant_soil,As,1000,7
L2,FLD0017,soil_Tb_100_1_1,Bx_,soil,plant_soil,Tb,100,1
L2,FLD0018,soil_Tb_100_1_2,Bx_,soil,plant_soil,Tb,100,1
L2,FLD0019,soil_Tb_100_1_3,Bx_,soil,plant_soil,Tb,100,1
L2,FLD0020,soil_As_10_1_1,Bx_,soil,plant_soil,As,10,1
L2,FLD0021,soil_As_10_1_2,Bx_,soil,plant_soil,As,10,1
L2,FLD0022,soil_As_10_1_3,Bx_,soil,plant_soil,As,10,1
L2,FLD0023,soil_Bx_10_7_3,Bx_,soil,plant_soil,Bx,10,7
L2,FLD0024,soil_Tb_100_7_3,Bx_,soil,plant_soil,Tb,100,7
L2,FLD0025,soil_Ctr_0_7_4,Bx_,soil,plant_soil,Ctr,0,7
L2,FLD0026,soil_Ctr_0_7_5,Bx_,soil,plant_soil,Ctr,0,7
L2,FLD0027,soil_Ctr_0_7_7,WT,soil,plant_soil,Ctr,0,7
L2,FLD0028,soil_Bx_1000_1_4,Bx_,soil,plant_soil,Bx,1000,1
L2,FLD0029,soil_Bx_1000_1_5,Bx_,soil,plant_soil,Bx,1000,1
L2,FLD0030,soil_Bx_1000_1_6,Bx_,soil,plant_soil,Bx,1000,1
L2,FLD0031,soil_Bx_10_7_5,Bx_,soil,plant_soil,Bx,10,7
L2,FLD0032,soil_Tb_100_7_5,Bx_,soil,plant_soil,Tb,100,7
L2,FLD0033,soil_Tb_10_7_7,WT,soil,plant_soil,Tb,10,7
L2,FLD0034,soil_Tb_10_1_5,WT,soil,plant_soil,Tb,10,1
L2,FLD0035,soil_Tb_10_1_6,WT,soil,plant_soil,Tb,10,1
L2,FLD0036,soil_As_1000_1_4,WT,soil,plant_soil,As,1000,1
L2,FLD0037,soil_As_1000_1_5,WT,soil,plant_soil,As,1000,1
L2,FLD0038,soil_As_1000_1_6,WT,soil,plant_soil,As,1000,1
L2,FLD0039,soil_Bx_10_7_4,WT,soil,plant_soil,Bx,10,7
L2,FLD0040,soil_Tb_100_7_4,WT,soil,plant_soil,Tb,100,7
L2,FLD0041,soil_As_100_7_2,WT,soil,plant_soil,As,100,7
L2,FLD0042,soil_As_100_7_1,WT,soil,plant_soil,As,100,7
L2,FLD0043,soil_As_100_7_3,WT,soil,plant_soil,As,100,7
L2,FLD0044,sedi_Tb_1000_1_1,NA,sedi,lake_sedi,Tb,1000,1
L2,FLD0045,sedi_Tb_1000_1_2,NA,sedi,lake_sedi,Tb,1000,1
L2,FLD0046,sedi_Tb_1000_1_3,NA,sedi,lake_sedi,Tb,1000,1
L2,FLD0047,sedi_Bx_1000_1_3,NA,sedi,lake_sedi,Bx,1000,1
L2,FLD0048,sedi_Tb_10_1_3,NA,sedi,lake_sedi,Tb,10,1
L2,FLD0049,soil_Tb_1000_7_1,Bx_,soil,plant_soil,Tb,1000,7
L2,FLD0050,soil_Tb_1000_7_2,Bx_,soil,plant_soil,Tb,1000,7
L2,FLD0051,soil_Tb_1000_7_3,Bx_,soil,plant_soil,Tb,1000,7
L2,FLD0052,soil_Bx_1000_7_1,Bx_,soil,plant_soil,Bx,1000,7
L2,FLD0053,soil_Bx_1000_7_2,Bx_,soil,plant_soil,Bx,1000,7
L2,FLD0054,soil_Bx_1000_7_3,Bx_,soil,plant_soil,Bx,1000,7
L2,FLD0055,sedi_Tb_10_7_2,NA,sedi,lake_sedi,Tb,10,7
L2,FLD0056,sedi_As_10_7_2,NA,sedi,lake_sedi,As,10,7
L2,FLD0057,soil_Bx_100_7_4,WT,soil,plant_soil,Bx,100,7
L2,FLD0058,soil_Bx_100_7_5,WT,soil,plant_soil,Bx,100,7
L2,FLD0059,soil_Bx_100_7_6,WT,soil,plant_soil,Bx,100,7
L2,FLD0060,soil_As_10_7_4,WT,soil,plant_soil,As,10,7
L2,FLD0061,soil_As_10_7_5,WT,soil,plant_soil,As,10,7
L2,FLD0062,soil_As_10_7_6,WT,soil,plant_soil,As,10,7
L2,FLD0063,sedi_Bx_1000_1_4,NA,sedi,lake_sedi,Bx,1000,1
L2,FLD0064,sedi_Tb_10_1_4,NA,sedi,lake_sedi,Tb,10,1
L2,FLD0065,sedi_As_1000_1_4,NA,sedi,lake_sedi,As,1000,1
L2,FLD0066,sedi_As_1000_1_5,NA,sedi,lake_sedi,As,1000,1
L2,FLD0067,sedi_As_1000_1_6,NA,sedi,lake_sedi,As,1000,1
L2,FLD0068,sedi_Bx_100_1_4,NA,sedi,lake_sedi,Bx,100,1
L2,FLD0069,sedi_Bx_100_1_5,NA,sedi,lake_sedi,Bx,100,1
L2,FLD0070,sedi_Bx_100_1_6,NA,sedi,lake_sedi,Bx,100,1
L2,FLD0071,sedi_As_100_1_6,NA,sedi,lake_sedi,As,100,1
L2,FLD0072,water_Bx_10_1_6,NA,water,lake_sedi,Bx,10,1
L2,FLD0073,sedi_Bx_10_1_4,NA,sedi,lake_sedi,Bx,10,1
L2,FLD0074,sedi_Bx_10_1_5,NA,sedi,lake_sedi,Bx,10,1
L2,FLD0075,sedi_Bx_10_1_6,NA,sedi,lake_sedi,Bx,10,1
L2,FLD0076,sedi_As_10_1_4,NA,sedi,lake_sedi,As,10,1
L2,FLD0077,sedi_As_10_1_5,NA,sedi,lake_sedi,As,10,1
L2,FLD0078,sedi_As_10_1_6,NA,sedi,lake_sedi,As,10,1
L2,FLD0079,sedi_As_0_1_5,NA,sedi,lake_sedi,Ctr,0,1
L2,FLD0080,water_Tb_100_1_2,NA,water,lake_sedi,Tb,100,1
L2,FLD0081,sedi_Bx_100_7_1,NA,sedi,lake_sedi,Bx,100,7
L2,FLD0082,sedi_Bx_100_7_2,NA,sedi,lake_sedi,Bx,100,7
L2,FLD0083,sedi_Bx_100_7_3,NA,sedi,lake_sedi,Bx,100,7
L2,FLD0084,feces_As_10_0_7_1,NA,feces,Mice,As,0,0
L2,FLD0085,feces_As_10_0_7_3,NA,feces,Mice,As,0,0
L2,FLD0086,feces_As_10_0_7_5,NA,feces,Mice,As,0,0
L2,FLD0087,feces_As_10_0_8_2,NA,feces,Mice,As,0,0
L2,FLD0088,feces_As_10_0_8_4,NA,feces,Mice,As,0,0
L2,FLD0097,feces_Tb_1000_0_17_1,NA,feces,Mice,Tb,0,0
L2,FLD0098,feces_Tb_1000_0_17_3,NA,feces,Mice,Tb,0,0
L2,FLD0099,feces_Tb_1000_0_17_5,NA,feces,Mice,Tb,0,0
L2,FLD0100,feces_Tb_1000_0_18_2,NA,feces,Mice,Tb,0,0
L2,FLD0101,feces_Tb_1000_0_18_4,NA,feces,Mice,Tb,0,0
L2,FLD0102,feces_As_1000_1_11_3,NA,feces,Mice,As,1000,1
L2,FLD0103,feces_Tb_10_1_13_3,NA,feces,Mice,Tb,10,1
L2,FLD0104,feces_Bx_10_1_1_3,NA,feces,Mice,Bx,10,1
L2,FLD0105,sedi_As_1000_7_4,NA,sedi,lake_sedi,As,1000,7
L2,FLD0106,sedi_As_1000_7_5,NA,sedi,lake_sedi,As,1000,7
L2,FLD0107,sedi_As_1000_7_6,NA,sedi,lake_sedi,As,1000,7
L2,FLD0108,sedi_Bx_10_7_4,NA,sedi,lake_sedi,Bx,10,7
L2,FLD0109,sedi_Bx_10_7_5,NA,sedi,lake_sedi,Bx,10,7
L2,FLD0110,sedi_Bx_10_7_6,NA,sedi,lake_sedi,Bx,10,7
L2,FLD0111,feces_Bx_10_1_2_1,NA,feces,Mice,Bx,10,1
L2,FLD0112,feces_Tb_1000_1_17_3,NA,feces,Mice,Tb,1000,1
L2,FLD0113,feces_Bx_100_1_3_1,NA,feces,Mice,Bx,100,1
L2,FLD0114,feces_Bx_1000_0_6_1,NA,feces,Mice,Bx,0,0
L2,FLD0115,feces_Bx_1000_0_6_3,NA,feces,Mice,Bx,0,0
L2,FLD0116,feces_Bx_1000_0_6_5,NA,feces,Mice,Bx,0,0
L2,FLD0117,feces_Tb_100_1_15_2,NA,feces,Mice,Tb,100,1
L2,FLD0118,feces_Tb_100_1_15_4,NA,feces,Mice,Tb,100,1
L2,FLD0119,feces_Tb_100_1_16_1,NA,feces,Mice,Tb,100,1
L2,FLD0120,feces_Tb_100_1_16_3,NA,feces,Mice,Tb,100,1
L2,FLD0121,feces_Tb_10_0_13_2,NA,feces,Mice,Tb,0,0
L2,FLD0122,feces_Tb_10_0_13_4,NA,feces,Mice,Tb,0,0
L2,FLD0123,feces_Tb_10_0_14_1,NA,feces,Mice,Tb,0,0
L2,FLD0124,feces_Tb_10_0_14_3,NA,feces,Mice,Tb,0,0
L2,FLD0125,feces_Tb_10_0_14_5,NA,feces,Mice,Tb,0,0
L2,FLD0126,feces_Bx_100_1_3_5,NA,feces,Mice,Bx,100,1
L2,FLD0127,feces_Bx_100_1_4_2,NA,feces,Mice,Bx,100,1
L2,FLD0128,feces_Bx_100_1_4_4,NA,feces,Mice,Bx,100,1
L2,FLD0129,feces_Tb_1000_7_17_1,NA,feces,Mice,Tb,1000,7
L2,FLD0130,feces_Tb_1000_7_17_3,NA,feces,Mice,Tb,1000,7
L2,FLD0131,feces_Tb_1000_7_17_5,NA,feces,Mice,Tb,1000,7
L2,FLD0132,feces_Tb_1000_7_18_2,NA,feces,Mice,Tb,1000,7
L2,FLD0133,feces_Tb_1000_7_18_4,NA,feces,Mice,Tb,1000,7
L2,FLD0134,feces_Bx_10_7_1_1,NA,feces,Mice,Bx,10,7
L2,FLD0135,feces_Bx_10_7_1_3,NA,feces,Mice,Bx,10,7
L2,FLD0136,feces_Bx_10_7_1_5,NA,feces,Mice,Bx,10,7
L2,FLD0137,feces_Bx_1000_7_5_1,NA,feces,Mice,Bx,1000,7
L2,FLD0138,feces_Bx_1000_7_5_3,NA,feces,Mice,Bx,1000,7
L2,FLD0139,feces_Bx_1000_7_5_5,NA,feces,Mice,Bx,1000,7
L2,FLD0140,feces_Bx_1000_7_6_2,NA,feces,Mice,Bx,1000,7
L2,FLD0141,feces_Bx_1000_7_6_4,NA,feces,Mice,Bx,1000,7
L2,FLD0142,roots_Tb_10_1_1,Bx_,roots,plant_soil,Tb,10,1
L2,FLD0143,roots_Tb_10_1_2,Bx_,roots,plant_soil,Tb,10,1
L2,FLD0144,roots_Tb_10_1_3,Bx_,roots,plant_soil,Tb,10,1
L2,FLD0145,feces_Bx_1000_1_5_4,NA,feces,Mice,Bx,1000,1
L2,FLD0146,feces_Bx_1000_1_6_1,NA,feces,Mice,Bx,1000,1
L2,FLD0147,feces_Bx_1000_1_6_3,NA,feces,Mice,Bx,1000,1
L2,FLD0148,feces_Bx_1000_1_6_5,NA,feces,Mice,Bx,1000,1
L2,FLD0149,roots_As_10_1_4,WT,roots,plant_soil,As,10,1
L2,FLD0150,roots_As_10_1_5,WT,roots,plant_soil,As,10,1
L2,FLD0151,roots_As_10_1_6,WT,roots,plant_soil,As,10,1
L2,FLD0152,water_Bx_1000_1_5,NA,water,lake_sedi,Bx,1000,1
L2,FLD0153,feces_As_1000_7_11_2,NA,feces,Mice,As,1000,7
L2,FLD0154,feces_As_1000_7_11_4,NA,feces,Mice,As,1000,7
L2,FLD0155,feces_As_1000_7_12_1,NA,feces,Mice,As,1000,7
L2,FLD0156,feces_As_1000_7_12_3,NA,feces,Mice,As,1000,7
L2,FLD0157,feces_As_1000_7_12_5,NA,feces,Mice,As,1000,7
L2,FLD0158,roots_Bx_100_1_4,Bx_,roots,plant_soil,Bx,100,1
L2,FLD0159,roots_Bx_100_1_5,Bx_,roots,plant_soil,Bx,100,1
L2,FLD0160,roots_Bx_100_1_6,Bx_,roots,plant_soil,Bx,100,1
L2,FLD0161,roots_Ctr_0_0_1,WT,roots,plant_soil,Ctr,0,0
L2,FLD0162,roots_Ctr_0_0_2,WT,roots,plant_soil,Ctr,0,0
L2,FLD0163,roots_Ctr_0_0_3,WT,roots,plant_soil,Ctr,0,0
L2,FLD0164,roots_Bx_10_1_1,WT,roots,plant_soil,Bx,10,1
L2,FLD0165,roots_Bx_10_1_2,WT,roots,plant_soil,Bx,10,1
L2,FLD0166,roots_Bx_10_1_3,WT,roots,plant_soil,Bx,10,1
L2,FLD0167,roots_Tb_100_1_1,WT,roots,plant_soil,Tb,100,1
L2,FLD0168,roots_Tb_100_1_2,WT,roots,plant_soil,Tb,100,1
L2,FLD0169,roots_Bx_10_7_1,WT,roots,plant_soil,Bx,10,7
L2,FLD0170,roots_Bx_10_7_2,WT,roots,plant_soil,Bx,10,7
L2,FLD0171,roots_Bx_10_7_3,WT,roots,plant_soil,Bx,10,7
L2,FLD0172,roots_As_10_7_1,Bx_,roots,plant_soil,As,10,7
L2,FLD0173,roots_As_10_7_2,Bx_,roots,plant_soil,As,10,7
L2,FLD0174,roots_As_10_7_3,Bx_,roots,plant_soil,As,10,7
L2,FLD0175,roots_As_10_7_4,Bx_,roots,plant_soil,As,10,7
L2,FLD0176,roots_Bx_10_7_2,Bx_,roots,plant_soil,Bx,10,7
L2,FLD0177,roots_As_100_7_1,Bx_,roots,plant_soil,As,100,7
L2,FLD0178,roots_As_100_7_2,Bx_,roots,plant_soil,As,100,7
L2,FLD0179,roots_As_100_7_3,Bx_,roots,plant_soil,As,100,7
L2,FLD0180,roots_Bx_1000_7_1,Bx_,roots,plant_soil,Bx,1000,7
L2,FLD0181,roots_Bx_1000_7_2,Bx_,roots,plant_soil,Bx,1000,7
L2,FLD0182,roots_Bx_1000_7_3,Bx_,roots,plant_soil,Bx,1000,7
L2,FLD0183,roots_As_1000_7_2,Bx_,roots,plant_soil,As,1000,7
L2,FLD0184,roots_Tb_1000_7_4,WT,roots,plant_soil,Tb,1000,7
L2,FLD0289,roots_As_1000_1_5,WT,roots,plant_soil,As,1000,1
L2,FLD0290,roots_As_1000_1_6,WT,roots,plant_soil,As,1000,1
L2,FLD0291,roots_Tb_10_7_4,WT,roots,plant_soil,Tb,10,7
L2,FLD0292,roots_Tb_10_7_5,WT,roots,plant_soil,Tb,10,7
L2,FLD0293,roots_Tb_10_7_6,WT,roots,plant_soil,Tb,10,7
L2,FLD0294,roots_Tb_1000_7_6,WT,roots,plant_soil,Tb,1000,7
L2,FLD0295,roots_Tb_1000_7_7,WT,roots,plant_soil,Tb,1000,7
L2,FLD0296,roots_As_1000_7_7,WT,roots,plant_soil,As,1000,7
L2,FLD0297,roots_As_100_1_4,Bx_,roots,plant_soil,As,100,1
L2,FLD0298,roots_As_100_1_5,Bx_,roots,plant_soil,As,100,1
L2,FLD0299,roots_As_100_1_6,Bx_,roots,plant_soil,As,100,1
L2,FLD0300,roots_Bx_1000_1_4,Bx_,roots,plant_soil,Bx,1000,1
L2,FLD0301,roots_Bx_1000_1_5,Bx_,roots,plant_soil,Bx,1000,1
L2,FLD0302,roots_Bx_1000_1_6,Bx_,roots,plant_soil,Bx,1000,1
L2,FLD0303,roots_As_10_7_6,WT,roots,plant_soil,As,10,7
L2,FLD0304,roots_As_1000_7_6,Bx_,roots,plant_soil,As,1000,7
L2,FLD0305,water_Tb_0_1_4,NA,water,lake_sedi,Ctr,0,1
L2,FLD0306,water_Tb_0_1_5,NA,water,lake_sedi,Ctr,0,1
L2,FLD0307,water_Tb_0_1_6,NA,water,lake_sedi,Ctr,0,1
L2,FLD0313,water_As_0_1_1,NA,water,lake_sedi,Ctr,0,1
L2,FLD0314,water_As_0_1_2,NA,water,lake_sedi,Ctr,0,1
L2,FLD0315,water_As_0_1_3,NA,water,lake_sedi,Ctr,0,1
L2,FLD0323,roots_Tb_1000_7_6,Bx_,roots,plant_soil,Tb,1000,7
L2,FLD0324,water_Bx_1000_7_3,NA,water,lake_sedi,Bx,1000,7
L2,FLD0325,water_Bx_100_7_1,NA,water,lake_sedi,Bx,100,7
L2,FLD0326,water_Bx_100_7_2,NA,water,lake_sedi,Bx,100,7
L2,FLD0327,water_Bx_100_7_3,NA,water,lake_sedi,Bx,100,7
L2,FLD0329,water_As_100_1_4,NA,water,lake_sedi,As,100,1
L2,FLD0330,water_As_100_1_5,NA,water,lake_sedi,As,100,1
L2,FLD0331,water_As_100_1_6,NA,water,lake_sedi,As,100,1
L2,FLD0332,water_Bx_1000_7_1,NA,water,lake_sedi,Bx,1000,7
L2,FLD0333,water_Bx_1000_7_2,NA,water,lake_sedi,Bx,1000,7
L2,FLD0338,water_Bx_10_7_5,NA,water,lake_sedi,Bx,10,7
L2,FLD0339,water_Bx_10_7_6,NA,water,lake_sedi,Bx,10,7
L2,FLD0345,water_As_10_7_1,NA,water,lake_sedi,As,10,7
L2,FLD0346,water_As_10_7_2,NA,water,lake_sedi,As,10,7
L2,FLD0347,water_As_10_7_3,NA,water,lake_sedi,As,10,7
L2,FLD0348,water_Tb_1000_7_4,NA,water,lake_sedi,Tb,1000,7
L2,FLD0349,water_Tb_1000_7_5,NA,water,lake_sedi,Tb,1000,7
L2,FLD0350,water_Tb_1000_7_6,NA,water,lake_sedi,Tb,1000,7
L2,FLD0364,water_As_100_7_4,NA,water,lake_sedi,As,100,7
L2,FLD0365,water_As_100_7_5,NA,water,lake_sedi,As,100,7
L2,FLD0366,water_As_100_7_6,NA,water,lake_sedi,As,100,7
L3,FLD0001,roots_Bx_1000_7_4,WT,roots,plant_soil,Bx,1000,7
L3,FLD0002,roots_Bx_1000_7_5,WT,roots,plant_soil,Bx,1000,7
L3,FLD0003,roots_Bx_1000_7_6,WT,roots,plant_soil,Bx,1000,7
L3,FLD0004,roots_As_100_7_4,WT,roots,plant_soil,As,100,7
L3,FLD0005,roots_As_100_7_5,WT,roots,plant_soil,As,100,7
L3,FLD0006,roots_As_100_7_6,WT,roots,plant_soil,As,100,7
L3,FLD0007,roots_As_100_7_7,WT,roots,plant_soil,As,100,7
L3,FLD0008,roots_Tb_1000_7_8,WT,roots,plant_soil,Tb,1000,7
L3,FLD0009,roots_Ctr_0_7_4,Bx_,roots,plant_soil,Ctr,0,7
L3,FLD0010,roots_Ctr_0_7_5,Bx_,roots,plant_soil,Ctr,0,7
L3,FLD0011,roots_Ctr_0_7_6,Bx_,roots,plant_soil,Ctr,0,7
L3,FLD0012,roots_Ctr_0_7_7,Bx_,roots,plant_soil,Ctr,0,7
L3,FLD0013,roots_Tb_10_7_4,Bx_,roots,plant_soil,Tb,10,7
L3,FLD0014,roots_Tb_10_7_5,Bx_,roots,plant_soil,Tb,10,7
L3,FLD0015,roots_Tb_10_7_6,Bx_,roots,plant_soil,Tb,10,7
L3,FLD0016,roots_As_1000_7_7,Bx_,roots,plant_soil,As,1000,7
L3,FLD0017,water_Bx_100_1_1,NA,water,lake_sedi,Bx,100,1
L3,FLD0018,water_Bx_100_1_2,NA,water,lake_sedi,Bx,100,1
L3,FLD0019,water_Bx_100_1_3,NA,water,lake_sedi,Bx,100,1
L3,FLD0025,water_As_1000_1_1,NA,water,lake_sedi,As,1000,1
L3,FLD0026,water_As_1000_1_2,NA,water,lake_sedi,As,1000,1
L3,FLD0027,water_As_1000_1_3,NA,water,lake_sedi,As,1000,1
L3,FLD0033,water_Tb_10_1_4,NA,water,lake_sedi,Tb,10,1
L3,FLD0034,water_Tb_10_1_5,NA,water,lake_sedi,Tb,10,1
L3,FLD0035,water_Tb_10_1_6,NA,water,lake_sedi,Tb,10,1
L3,FLD0036,water_Tb_0_7_4,NA,water,lake_sedi,Ctr,0,7
L3,FLD0041,water_Tb_10_7_3,NA,water,lake_sedi,Tb,10,7
L3,FLD0042,water_Tb_10_7_4,NA,water,lake_sedi,Tb,10,7
L3,FLD0043,water_Tb_10_7_5,NA,water,lake_sedi,Tb,10,7
L3,FLD0044,water_Tb_10_7_6,NA,water,lake_sedi,Tb,10,7
L3,FLD0050,roots_Bx_100_7_5,WT,roots,plant_soil,Bx,100,7
L3,FLD0051,roots_Bx_100_7_6,WT,roots,plant_soil,Bx,100,7
L3,FLD0052,roots_Bx_100_7_7,WT,roots,plant_soil,Bx,100,7
L3,FLD0054,water_As_1000_7_5,NA,water,lake_sedi,As,1000,7
L3,FLD0055,water_As_1000_7_6,NA,water,lake_sedi,As,1000,7
L3,FLD0056,water_Tb_1000_7_1,NA,water,lake_sedi,Tb,1000,7
L3,FLD0060,water_As_100_7_1,NA,water,lake_sedi,As,100,7
L3,FLD0061,water_As_100_7_2,NA,water,lake_sedi,As,100,7
L3,FLD0062,water_As_100_7_3,NA,water,lake_sedi,As,100,7
L3,FLD0193,soil_Ctr_0_1_1,WT,soil,plant_soil,Ctr,0,1
L3,FLD0194,soil_Ctr_0_1_2,WT,soil,plant_soil,Ctr,0,1
L3,FLD0195,soil_Ctr_0_1_3,WT,soil,plant_soil,Ctr,0,1
L3,FLD0196,soil_Bx_100_1_1,WT,soil,plant_soil,Bx,100,1
L3,FLD0197,soil_Bx_100_1_2,WT,soil,plant_soil,Bx,100,1
L3,FLD0198,soil_Bx_100_1_3,WT,soil,plant_soil,Bx,100,1
L3,FLD0199,soil_Tb_10_7_3,WT,soil,plant_soil,Tb,10,7
L3,FLD0200,soil_As_1000_7_3,WT,soil,plant_soil,As,1000,7
L3,FLD0201,soil_Tb_1000_1_1,Bx_,soil,plant_soil,Tb,1000,1
L3,FLD0202,soil_Tb_1000_1_2,Bx_,soil,plant_soil,Tb,1000,1
L3,FLD0203,soil_Tb_1000_1_3,Bx_,soil,plant_soil,Tb,1000,1
L3,FLD0204,soil_As_100_1_1,Bx_,soil,plant_soil,As,100,1
L3,FLD0205,soil_As_100_1_2,Bx_,soil,plant_soil,As,100,1
L3,FLD0206,soil_As_100_1_3,Bx_,soil,plant_soil,As,100,1
L3,FLD0207,soil_Tb_10_7_2,Bx_,soil,plant_soil,Tb,10,7
L3,FLD0208,soil_As_1000_7_2,Bx_,soil,plant_soil,As,1000,7
L3,FLD0209,soil_Ctr_0_0_4,Bx_,soil,plant_soil,Ctr,0,0
L3,FLD0210,soil_Ctr_0_0_5,Bx_,soil,plant_soil,Ctr,0,0
L3,FLD0211,soil_Ctr_0_0_6,Bx_,soil,plant_soil,Ctr,0,0
L3,FLD0212,soil_Bx_10_1_4,Bx_,soil,plant_soil,Bx,10,1
L3,FLD0213,soil_Bx_10_1_5,Bx_,soil,plant_soil,Bx,10,1
L3,FLD0214,soil_Bx_10_1_6,Bx_,soil,plant_soil,Bx,10,1
L3,FLD0215,soil_Tb_10_7_4,Bx_,soil,plant_soil,Tb,10,7
L3,FLD0216,soil_As_1000_7_4,Bx_,soil,plant_soil,As,1000,7
L3,FLD0217,soil_Tb_100_1_4,Bx_,soil,plant_soil,Tb,100,1
L3,FLD0218,soil_Tb_100_1_5,Bx_,soil,plant_soil,Tb,100,1
L3,FLD0219,soil_Tb_100_1_6,Bx_,soil,plant_soil,Tb,100,1
L3,FLD0220,soil_As_10_1_4,Bx_,soil,plant_soil,As,10,1
L3,FLD0221,soil_As_10_1_5,Bx_,soil,plant_soil,As,10,1
L3,FLD0222,soil_As_10_1_6,Bx_,soil,plant_soil,As,10,1
L3,FLD0223,soil_Bx_10_7_6,Bx_,soil,plant_soil,Bx,10,7
L3,FLD0224,soil_Tb_100_7_6,Bx_,soil,plant_soil,Tb,100,7
L3,FLD0225,soil_Ctr_0_7_4,WT,soil,plant_soil,Ctr,0,7
L3,FLD0226,soil_Ctr_0_7_5,WT,soil,plant_soil,Ctr,0,7
L3,FLD0227,soil_Ctr_0_7_6,WT,soil,plant_soil,Ctr,0,7
L3,FLD0228,soil_Bx_1000_1_4,WT,soil,plant_soil,Bx,1000,1
L3,FLD0229,soil_Bx_1000_1_5,WT,soil,plant_soil,Bx,1000,1
L3,FLD0230,soil_Bx_1000_1_6,WT,soil,plant_soil,Bx,1000,1
L3,FLD0231,soil_Bx_10_7_5,WT,soil,plant_soil,Bx,10,7
L3,FLD0232,soil_Tb_100_7_5,WT,soil,plant_soil,Tb,100,7
L3,FLD0233,soil_Tb_10_7_8,WT,soil,plant_soil,Tb,10,7
L3,FLD0234,soil_Tb_100_7_8,WT,soil,plant_soil,Tb,100,7
L3,FLD0236,soil_As_10_7_7,WT,soil,plant_soil,As,10,7
L3,FLD0237,soil_As_100_7_7,WT,soil,plant_soil,As,100,7
L3,FLD0238,soil_As_1000_7_7,WT,soil,plant_soil,As,1000,7
L3,FLD0239,sedi_As_100_1_1,NA,sedi,lake_sedi,As,100,1
L3,FLD0240,water_Bx_10_1_1,NA,water,lake_sedi,Bx,10,1
L3,FLD0241,soil_As_100_7_1,Bx_,soil,plant_soil,As,100,7
L3,FLD0242,soil_As_100_7_2,Bx_,soil,plant_soil,As,100,7
L3,FLD0243,soil_As_100_7_3,Bx_,soil,plant_soil,As,100,7
L3,FLD0244,sedi_Tb_0_1_1,NA,sedi,lake_sedi,Ctr,0,1
L3,FLD0245,sedi_Tb_0_1_2,NA,sedi,lake_sedi,Ctr,0,1
L3,FLD0246,sedi_Tb_0_1_3,NA,sedi,lake_sedi,Ctr,0,1
L3,FLD0247,sedi_Tb_10_7_3,NA,sedi,lake_sedi,Tb,10,7
L3,FLD0248,sedi_As_10_7_3,NA,sedi,lake_sedi,As,10,7
L3,FLD0249,soil_Tb_1000_7_4,WT,soil,plant_soil,Tb,1000,7
L3,FLD0250,soil_Tb_1000_7_5,WT,soil,plant_soil,Tb,1000,7
L3,FLD0251,soil_Tb_1000_7_6,WT,soil,plant_soil,Tb,1000,7
L3,FLD0252,soil_Bx_1000_7_4,WT,soil,plant_soil,Bx,1000,7
L3,FLD0253,soil_Bx_1000_7_5,WT,soil,plant_soil,Bx,1000,7
L3,FLD0254,soil_Bx_1000_7_6,WT,soil,plant_soil,Bx,1000,7
L3,FLD0255,sedi_Bx_1000_1_5,NA,sedi,lake_sedi,Bx,1000,1
L3,FLD0256,sedi_Tb_10_1_5,NA,sedi,lake_sedi,Tb,10,1
L3,FLD0257,soil_Bx_100_7_4,Bx_,soil,plant_soil,Bx,100,7
L3,FLD0258,soil_Bx_100_7_5,Bx_,soil,plant_soil,Bx,100,7
L3,FLD0259,soil_Bx_100_7_6,Bx_,soil,plant_soil,Bx,100,7
L3,FLD0260,soil_As_10_7_4,Bx_,soil,plant_soil,As,10,7
L3,FLD0261,soil_As_10_7_5,Bx_,soil,plant_soil,As,10,7
L3,FLD0262,soil_As_10_7_6,Bx_,soil,plant_soil,As,10,7
L3,FLD0263,sedi_Tb_10_7_4,NA,sedi,lake_sedi,Tb,10,7
L3,FLD0264,sedi_As_10_7_4,NA,sedi,lake_sedi,As,10,7
L3,FLD0265,sedi_As_100_7_4,NA,sedi,lake_sedi,As,100,7
L3,FLD0266,sedi_As_100_7_5,NA,sedi,lake_sedi,As,100,7
L3,FLD0267,sedi_As_100_7_6,NA,sedi,lake_sedi,As,100,7
L3,FLD0268,sedi_Tb_0_7_4,NA,sedi,lake_sedi,Ctr,0,7
L3,FLD0269,sedi_Tb_0_7_5,NA,sedi,lake_sedi,Ctr,0,7
L3,FLD0270,sedi_Tb_0_7_6,NA,sedi,lake_sedi,Ctr,0,7
L3,FLD0271,sedi_As_0_1_6,NA,sedi,lake_sedi,Ctr,0,1
L3,FLD0272,water_Tb_100_1_3,NA,water,lake_sedi,Tb,100,1
L3,FLD0273,feces_Tb_100_0_15_1,NA,feces,Mice,Tb,0,0
L3,FLD0274,feces_Tb_100_0_15_3,NA,feces,Mice,Tb,0,0
L3,FLD0275,feces_Tb_100_0_15_5,NA,feces,Mice,Tb,0,0
L3,FLD0276,feces_Tb_100_0_16_2,NA,feces,Mice,Tb,0,0
L3,FLD0277,feces_Bx_100_0_3_3,NA,feces,Mice,Bx,0,0
L3,FLD0278,feces_Bx_100_0_3_5,NA,feces,Mice,Bx,0,0
L3,FLD0279,feces_Bx_100_0_4_2,NA,feces,Mice,Bx,0,0
L3,FLD0280,feces_Bx_100_0_4_4,NA,feces,Mice,Bx,0,0
L3,FLD0289,feces_Bx_10_0_1_1,NA,feces,Mice,Bx,0,0
L3,FLD0290,feces_Bx_10_0_1_3,NA,feces,Mice,Bx,0,0
L3,FLD0291,feces_Bx_10_0_1_5,NA,feces,Mice,Bx,0,0
L3,FLD0292,feces_Bx_10_0_2_2,NA,feces,Mice,Bx,0,0
L3,FLD0293,feces_Bx_10_0_2_4,NA,feces,Mice,Bx,0,0
L3,FLD0294,feces_As_1000_1_11_5,NA,feces,Mice,As,1000,1
L3,FLD0295,feces_Tb_10_1_13_5,NA,feces,Mice,Tb,10,1
L3,FLD0296,feces_Bx_10_1_1_5,NA,feces,Mice,Bx,10,1
L3,FLD0297,sedi_Tb_1000_7_4,NA,sedi,lake_sedi,Tb,1000,7
L3,FLD0298,sedi_Tb_1000_7_5,NA,sedi,lake_sedi,Tb,1000,7
L3,FLD0299,sedi_Tb_1000_7_6,NA,sedi,lake_sedi,Tb,1000,7
L3,FLD0300,sedi_As_0_7_4,NA,sedi,lake_sedi,Ctr,0,7
L3,FLD0301,sedi_As_0_7_5,NA,sedi,lake_sedi,Ctr,0,7
L3,FLD0302,sedi_As_0_7_6,NA,sedi,lake_sedi,Ctr,0,7
L3,FLD0303,feces_Bx_10_1_2_5,NA,feces,Mice,Bx,10,1
L3,FLD0304,feces_Tb_1000_1_17_5,NA,feces,Mice,Tb,1000,1
L3,FLD0305,feces_As_100_0_9_2,NA,feces,Mice,As,0,0
L3,FLD0306,feces_As_100_0_9_4,NA,feces,Mice,As,0,0
L3,FLD0307,feces_As_100_0_10_1,NA,feces,Mice,As,0,0
L3,FLD0308,feces_As_100_0_10_3,NA,feces,Mice,As,0,0
L3,FLD0309,feces_As_100_0_10_5,NA,feces,Mice,As,0,0
L3,FLD0310,feces_Bx_100_1_3_3,NA,feces,Mice,Bx,100,1
L3,FLD0311,feces_Tb_1000_1_18_4,NA,feces,Mice,Tb,1000,1
L3,FLD0312,feces_Ctr_0_1_19_4,NA,feces,Mice,Ctr,0,1
L3,FLD0313,feces_Bx_100_1_3_4,NA,feces,Mice,Bx,100,1
L3,FLD0314,feces_Bx_100_1_4_1,NA,feces,Mice,Bx,100,1
L3,FLD0315,feces_Bx_100_1_4_3,NA,feces,Mice,Bx,100,1
L3,FLD0316,feces_Bx_100_1_4_5,NA,feces,Mice,Bx,100,1
L3,FLD0318,roots_As_10_1_2,Bx_,roots,plant_soil,As,10,1
L3,FLD0319,roots_As_10_1_3,Bx_,roots,plant_soil,As,10,1
L3,FLD0321,feces_Ctr_0_7_19_1,NA,feces,Mice,Ctr,0,7
L3,FLD0322,feces_Ctr_0_7_19_3,NA,feces,Mice,Ctr,0,7
L3,FLD0323,feces_Ctr_0_7_19_5,NA,feces,Mice,Ctr,0,7
L3,FLD0324,feces_Ctr_0_7_20_2,NA,feces,Mice,Ctr,0,7
L3,FLD0325,feces_Ctr_0_7_20_4,NA,feces,Mice,Ctr,0,7
L3,FLD0326,feces_Bx_10_7_2_2,NA,feces,Mice,Bx,10,7
L3,FLD0327,feces_Bx_10_7_2_4,NA,feces,Mice,Bx,10,7
L3,FLD0328,roots_Ctr_0_1_2,Bx_,roots,plant_soil,Ctr,0,1
L3,FLD0329,feces_As_100_7_9_1,NA,feces,Mice,As,100,7
L3,FLD0330,feces_As_100_7_9_3,NA,feces,Mice,As,100,7
L3,FLD0331,feces_As_100_7_9_5,NA,feces,Mice,As,100,7
L3,FLD0332,feces_As_100_7_10_2,NA,feces,Mice,As,100,7
L3,FLD0333,feces_As_100_7_10_4,NA,feces,Mice,As,100,7
L3,FLD0334,roots_Bx_100_1_1,WT,roots,plant_soil,Bx,100,1
L3,FLD0335,roots_Bx_100_1_2,WT,roots,plant_soil,Bx,100,1
L3,FLD0336,roots_Bx_100_1_3,WT,roots,plant_soil,Bx,100,1
L3,FLD0337,feces_As_10_7_7_2,NA,feces,Mice,As,10,7
L3,FLD0338,feces_As_10_7_7_4,NA,feces,Mice,As,10,7
L3,FLD0339,feces_As_10_7_8_1,NA,feces,Mice,As,10,7
L3,FLD0340,feces_As_10_7_8_3,NA,feces,Mice,As,10,7
L3,FLD0341,feces_As_10_7_8_5,NA,feces,Mice,As,10,7
L3,FLD0342,roots_Tb_1000_1_4,WT,roots,plant_soil,Tb,1000,1
L3,FLD0343,roots_Tb_1000_1_6,WT,roots,plant_soil,Tb,1000,1
L3,FLD0344,water_Bx_1000_1_6,NA,water,lake_sedi,Bx,1000,1
L3,FLD0345,feces_Tb_10_7_13_2,NA,feces,Mice,Tb,10,7
L3,FLD0346,feces_Tb_10_7_13_4,NA,feces,Mice,Tb,10,7
L3,FLD0347,feces_Tb_10_7_14_1,NA,feces,Mice,Tb,10,7
L3,FLD0348,feces_Tb_10_7_14_3,NA,feces,Mice,Tb,10,7
L3,FLD0349,feces_Tb_10_7_14_5,NA,feces,Mice,Tb,10,7
L3,FLD0350,water_As_10_1_4,NA,water,lake_sedi,As,10,1
L3,FLD0351,water_As_10_1_5,NA,water,lake_sedi,As,10,1
L3,FLD0352,water_As_10_1_6,NA,water,lake_sedi,As,10,1
L3,FLD0353,roots_As_100_1_1,WT,roots,plant_soil,As,100,1
L3,FLD0354,roots_As_100_1_2,WT,roots,plant_soil,As,100,1
L3,FLD0355,roots_As_100_1_3,WT,roots,plant_soil,As,100,1
L3,FLD0356,roots_Tb_10_7_1,WT,roots,plant_soil,Tb,10,7
L3,FLD0357,roots_Tb_10_7_2,WT,roots,plant_soil,Tb,10,7
L3,FLD0358,roots_Tb_10_7_3,WT,roots,plant_soil,Tb,10,7
L3,FLD0359,roots_As_10_7_1,WT,roots,plant_soil,As,10,7
L3,FLD0360,roots_As_10_7_2,WT,roots,plant_soil,As,10,7
L3,FLD0361,roots_Tb_100_1_1,Bx_,roots,plant_soil,Tb,100,1
L3,FLD0362,roots_Tb_100_1_2,Bx_,roots,plant_soil,Tb,100,1
L3,FLD0363,roots_Tb_100_1_3,Bx_,roots,plant_soil,Tb,100,1
L3,FLD0364,roots_Ctr_0_0_1,Bx_,roots,plant_soil,Ctr,0,0
L3,FLD0365,roots_Ctr_0_0_2,Bx_,roots,plant_soil,Ctr,0,0
L3,FLD0366,roots_Ctr_0_0_3,Bx_,roots,plant_soil,Ctr,0,0
L3,FLD0367,roots_Tb_1000_7_1,Bx_,roots,plant_soil,Tb,1000,7
L3,FLD0368,roots_Bx_10_7_3,Bx_,roots,plant_soil,Bx,10,7
L3,FLD0369,roots_Ctr_0_1_4,WT,roots,plant_soil,Ctr,0,1
L3,FLD0370,roots_Ctr_0_1_5,WT,roots,plant_soil,Ctr,0,1
L3,FLD0371,roots_Ctr_0_1_6,WT,roots,plant_soil,Ctr,0,1
L3,FLD0372,roots_Tb_100_7_1,Bx_,roots,plant_soil,Tb,100,7
L3,FLD0373,roots_Tb_100_7_2,Bx_,roots,plant_soil,Tb,100,7
L3,FLD0374,roots_Tb_100_7_3,Bx_,roots,plant_soil,Tb,100,7
L3,FLD0375,roots_As_1000_7_3,Bx_,roots,plant_soil,As,1000,7
L3,FLD0376,roots_Tb_1000_7_5,WT,roots,plant_soil,Tb,1000,7
L4,FLD0097,roots_Tb_100_7_4,WT,roots,plant_soil,Tb,100,7
L4,FLD0098,roots_Tb_100_7_5,WT,roots,plant_soil,Tb,100,7
L4,FLD0099,roots_Tb_100_7_6,WT,roots,plant_soil,Tb,100,7
L4,FLD0100,roots_Tb_100_7_8,WT,roots,plant_soil,Tb,100,7
L4,FLD0101,roots_Bx_10_7_4,WT,roots,plant_soil,Bx,10,7
L4,FLD0102,roots_Bx_10_7_5,WT,roots,plant_soil,Bx,10,7
L4,FLD0103,roots_Bx_10_7_6,WT,roots,plant_soil,Bx,10,7
L4,FLD0104,roots_Bx_10_7_7,WT,roots,plant_soil,Bx,10,7
L4,FLD0105,roots_As_100_7_4,Bx_,roots,plant_soil,As,100,7
L4,FLD0106,roots_As_100_7_5,Bx_,roots,plant_soil,As,100,7
L4,FLD0107,roots_As_100_7_6,Bx_,roots,plant_soil,As,100,7
L4,FLD0108,roots_As_100_7_7,Bx_,roots,plant_soil,As,100,7
L4,FLD0109,roots_Ctr_0_1_3,Bx_,roots,plant_soil,Ctr,0,1
L4,FLD0110,roots_Bx_10_7_4,Bx_,roots,plant_soil,Bx,10,7
L4,FLD0111,roots_Bx_10_7_5,Bx_,roots,plant_soil,Bx,10,7
L4,FLD0112,roots_Bx_10_7_6,Bx_,roots,plant_soil,Bx,10,7
L4,FLD0113,water_Tb_10_1_1,NA,water,lake_sedi,Tb,10,1
L4,FLD0114,water_Tb_10_1_2,NA,water,lake_sedi,Tb,10,1
L4,FLD0115,water_Tb_10_1_3,NA,water,lake_sedi,Tb,10,1
L4,FLD0121,water_Ctr_0_7_1,NA,water,lake_sedi,Ctr,0,7
L4,FLD0122,water_Ctr_0_7_2,NA,water,lake_sedi,Ctr,0,7
L4,FLD0123,water_Ctr_0_7_3,NA,water,lake_sedi,Ctr,0,7
L4,FLD0124,water_Tb_10_7_1,NA,water,lake_sedi,Tb,10,7
L4,FLD0125,water_Tb_10_7_2,NA,water,lake_sedi,Tb,10,7
L4,FLD0129,water_Bx_100_1_4,NA,water,lake_sedi,Bx,100,1
L4,FLD0130,water_Bx_100_1_5,NA,water,lake_sedi,Bx,100,1
L4,FLD0131,water_Bx_100_1_6,NA,water,lake_sedi,Bx,100,1
L4,FLD0132,water_Tb_0_7_5,NA,water,lake_sedi,Ctr,0,7
L4,FLD0137,water_As_0_1_4,NA,water,lake_sedi,Ctr,0,1
L4,FLD0138,water_As_0_1_5,NA,water,lake_sedi,Ctr,0,1
L4,FLD0139,water_As_0_1_6,NA,water,lake_sedi,Ctr,0,1
L4,FLD0147,roots_As_10_7_7,Bx_,roots,plant_soil,As,10,7
L4,FLD0148,water_Bx_100_7_4,NA,water,lake_sedi,Bx,100,7
L4,FLD0149,water_Bx_100_7_5,NA,water,lake_sedi,Bx,100,7
L4,FLD0150,water_Bx_100_7_6,NA,water,lake_sedi,Bx,100,7
L4,FLD0151,water_Tb_1000_7_2,NA,water,lake_sedi,Tb,1000,7
L4,FLD0162,water_Bx_1000_7_6,NA,water,lake_sedi,Bx,1000,7
L4,FLD0163,water_Tb_100_7_4,NA,water,lake_sedi,Tb,100,7
L4,FLD0164,water_Tb_100_7_5,NA,water,lake_sedi,Tb,100,7
L4,FLD0165,water_Tb_100_7_6,NA,water,lake_sedi,Tb,100,7
L4,FLD0166,water_As_0_7_4,NA,water,lake_sedi,Ctr,0,7
L4,FLD0167,water_As_0_7_5,NA,water,lake_sedi,Ctr,0,7
L4,FLD0168,water_As_0_7_6,NA,water,lake_sedi,Ctr,0,7
L4,FLD0193,soil_Tb_10_1_1,WT,soil,plant_soil,Tb,10,1
L4,FLD0194,soil_Tb_10_1_2,WT,soil,plant_soil,Tb,10,1
L4,FLD0195,soil_Tb_10_1_3,WT,soil,plant_soil,Tb,10,1
L4,FLD0196,soil_As_1000_1_1,WT,soil,plant_soil,As,1000,1
L4,FLD0197,soil_As_1000_1_2,WT,soil,plant_soil,As,1000,1
L4,FLD0198,soil_As_1000_1_3,WT,soil,plant_soil,As,1000,1
L4,FLD0199,soil_Bx_10_7_1,WT,soil,plant_soil,Bx,10,7
L4,FLD0200,soil_Tb_100_7_1,WT,soil,plant_soil,Tb,100,7
L4,FLD0201,soil_Ctr_0_1_1,Bx_,soil,plant_soil,Ctr,0,1
L4,FLD0202,soil_Ctr_0_1_2,Bx_,soil,plant_soil,Ctr,0,1
L4,FLD0203,soil_Ctr_0_1_3,Bx_,soil,plant_soil,Ctr,0,1
L4,FLD0204,soil_Bx_100_1_1,Bx_,soil,plant_soil,Bx,100,1
L4,FLD0205,soil_Bx_100_1_2,Bx_,soil,plant_soil,Bx,100,1
L4,FLD0206,soil_Bx_100_1_3,Bx_,soil,plant_soil,Bx,100,1
L4,FLD0207,soil_Tb_10_7_3,Bx_,soil,plant_soil,Tb,10,7
L4,FLD0208,soil_As_1000_7_3,Bx_,soil,plant_soil,As,1000,7
L4,FLD0209,soil_Tb_1000_1_4,Bx_,soil,plant_soil,Tb,1000,1
L4,FLD0210,soil_Tb_1000_1_5,Bx_,soil,plant_soil,Tb,1000,1
L4,FLD0211,soil_Tb_1000_1_6,Bx_,soil,plant_soil,Tb,1000,1
L4,FLD0212,soil_As_100_1_4,Bx_,soil,plant_soil,As,100,1
L4,FLD0213,soil_As_100_1_5,Bx_,soil,plant_soil,As,100,1
L4,FLD0214,soil_As_100_1_6,Bx_,soil,plant_soil,As,100,1
L4,FLD0215,soil_Tb_10_7_5,Bx_,soil,plant_soil,Tb,10,7
L4,FLD0216,soil_As_1000_7_5,Bx_,soil,plant_soil,As,1000,7
L4,FLD0217,soil_Ctr_0_0_4,WT,soil,plant_soil,Ctr,0,0
L4,FLD0218,soil_Ctr_0_0_5,WT,soil,plant_soil,Ctr,0,0
L4,FLD0219,soil_Ctr_0_0_6,WT,soil,plant_soil,Ctr,0,0
L4,FLD0220,soil_Bx_10_1_4,WT,soil,plant_soil,Bx,10,1
L4,FLD0221,soil_Bx_10_1_5,WT,soil,plant_soil,Bx,10,1
L4,FLD0222,soil_Bx_10_1_6,WT,soil,plant_soil,Bx,10,1
L4,FLD0223,soil_Tb_10_7_4,WT,soil,plant_soil,Tb,10,7
L4,FLD0224,soil_As_1000_7_4,WT,soil,plant_soil,As,1000,7
L4,FLD0225,soil_Tb_100_1_4,WT,soil,plant_soil,Tb,100,1
L4,FLD0226,soil_Tb_100_1_5,WT,soil,plant_soil,Tb,100,1
L4,FLD0227,soil_Tb_100_1_6,WT,soil,plant_soil,Tb,100,1
L4,FLD0228,soil_As_10_1_4,WT,soil,plant_soil,As,10,1
L4,FLD0229,soil_As_10_1_5,WT,soil,plant_soil,As,10,1
L4,FLD0230,soil_As_10_1_6,WT,soil,plant_soil,As,10,1
L4,FLD0231,soil_Bx_10_7_6,WT,soil,plant_soil,Bx,10,7
L4,FLD0232,soil_Tb_100_7_6,WT,soil,plant_soil,Tb,100,7
L4,FLD0233,sedi_Ctr_0_1_1,NA,sedi,lake_sedi,Ctr,0,1
L4,FLD0234,sedi_Ctr_0_1_2,NA,sedi,lake_sedi,Ctr,0,1
L4,FLD0235,sedi_Ctr_0_1_3,NA,sedi,lake_sedi,Ctr,0,1
L4,FLD0236,sedi_Tb_100_1_1,NA,sedi,lake_sedi,Tb,100,1
L4,FLD0237,sedi_Tb_100_1_2,NA,sedi,lake_sedi,Tb,100,1
L4,FLD0238,sedi_Tb_100_1_3,NA,sedi,lake_sedi,Tb,100,1
L4,FLD0239,sedi_As_100_1_2,NA,sedi,lake_sedi,As,100,1
L4,FLD0240,water_Bx_10_1_2,NA,water,lake_sedi,Bx,10,1
L4,FLD0241,water_Ctr_0_1_1,NA,water,lake_sedi,Ctr,0,1
L4,FLD0242,water_Ctr_0_1_2,NA,water,lake_sedi,Ctr,0,1
L4,FLD0243,water_Ctr_0_1_3,NA,water,lake_sedi,Ctr,0,1
L4,FLD0244,sedi_Bx_1000_7_1,NA,sedi,lake_sedi,Bx,1000,7
L4,FLD0245,sedi_Bx_1000_7_2,NA,sedi,lake_sedi,Bx,1000,7
L4,FLD0246,sedi_Bx_1000_7_3,NA,sedi,lake_sedi,Bx,1000,7
L4,FLD0247,sedi_As_0_1_1,NA,sedi,lake_sedi,Ctr,0,1
L4,FLD0248,soil_Bx_10_7_7,WT,soil,plant_soil,Bx,10,7
L4,FLD0249,soil_As_100_7_4,WT,soil,plant_soil,As,100,7
L4,FLD0250,soil_As_100_7_5,WT,soil,plant_soil,As,100,7
L4,FLD0251,soil_As_100_7_6,WT,soil,plant_soil,As,100,7
L4,FLD0252,sedi_Tb_1000_1_4,NA,sedi,lake_sedi,Tb,1000,1
L4,FLD0253,sedi_Tb_1000_1_5,NA,sedi,lake_sedi,Tb,1000,1
L4,FLD0254,sedi_Tb_1000_1_6,NA,sedi,lake_sedi,Tb,1000,1
L4,FLD0255,sedi_Bx_1000_1_6,NA,sedi,lake_sedi,Bx,1000,1
L4,FLD0256,sedi_Tb_10_1_6,NA,sedi,lake_sedi,Tb,10,1
L4,FLD0257,soil_Tb_1000_7_4,Bx_,soil,plant_soil,Tb,1000,7
L4,FLD0258,soil_Tb_1000_7_5,Bx_,soil,plant_soil,Tb,1000,7
L4,FLD0259,soil_Tb_1000_7_6,Bx_,soil,plant_soil,Tb,1000,7
L4,FLD0260,soil_Bx_1000_7_4,Bx_,soil,plant_soil,Bx,1000,7
L4,FLD0261,soil_Bx_1000_7_5,Bx_,soil,plant_soil,Bx,1000,7
L4,FLD0262,soil_Bx_1000_7_6,Bx_,soil,plant_soil,Bx,1000,7
L4,FLD0263,sedi_Tb_10_7_5,NA,sedi,lake_sedi,Tb,10,7
L4,FLD0264,sedi_As_10_7_5,NA,sedi,lake_sedi,As,10,7
L4,FLD0265,sedi_Ctr_0_7_1,NA,sedi,lake_sedi,Ctr,0,7
L4,FLD0266,sedi_Ctr_0_7_2,NA,sedi,lake_sedi,Ctr,0,7
L4,FLD0267,sedi_Ctr_0_7_3,NA,sedi,lake_sedi,Ctr,0,7
L4,FLD0268,sedi_Tb_100_7_1,NA,sedi,lake_sedi,Tb,100,7
L4,FLD0269,sedi_Tb_100_7_2,NA,sedi,lake_sedi,Tb,100,7
L4,FLD0270,sedi_Tb_100_7_3,NA,sedi,lake_sedi,Tb,100,7
L4,FLD0271,feces_Ctr_0_1_19_1,NA,feces,Mice,Ctr,0,1
L4,FLD0272,feces_Ctr_0_1_20_2,NA,feces,Mice,Ctr,0,1
L4,FLD0273,feces_Ctr_0_0_19_3,NA,feces,Mice,Ctr,0,0
L4,FLD0274,feces_Ctr_0_0_20_2,NA,feces,Mice,Ctr,0,0
L4,FLD0275,feces_Ctr_0_0_20_4,NA,feces,Mice,Ctr,0,0
L4,FLD0276,feces_As_10_1_7_5,NA,feces,Mice,As,10,1
L4,FLD0277,feces_As_10_1_8_2,NA,feces,Mice,As,10,1
L4,FLD0278,feces_As_10_1_8_4,NA,feces,Mice,As,10,1
L4,FLD0279,water_Ctr_0_1_1,NA,water,lake_sedi,Ctr,0,1
L4,FLD0280,water_Tb_100_1_1,NA,water,lake_sedi,Tb,100,1
L4,FLD0289,feces_As_1000_0_11_1,NA,feces,Mice,As,0,0
L4,FLD0290,feces_As_1000_0_11_3,NA,feces,Mice,As,0,0
L4,FLD0291,feces_As_1000_0_11_5,NA,feces,Mice,As,0,0
L4,FLD0292,feces_As_1000_0_12_2,NA,feces,Mice,As,0,0
L4,FLD0293,feces_As_1000_0_12_4,NA,feces,Mice,As,0,0
L4,FLD0294,feces_As_1000_1_12_2,NA,feces,Mice,As,1000,1
L4,FLD0295,feces_Tb_10_1_14_2,NA,feces,Mice,Tb,10,1
L4,FLD0296,feces_Bx_10_1_2_2,NA,feces,Mice,Bx,10,1
L4,FLD0297,sedi_Bx_100_7_4,NA,sedi,lake_sedi,Bx,100,7
L4,FLD0298,sedi_Bx_100_7_5,NA,sedi,lake_sedi,Bx,100,7
L4,FLD0299,sedi_Bx_100_7_6,NA,sedi,lake_sedi,Bx,100,7
L4,FLD0300,feces_As_10_0_7_2,NA,feces,Mice,As,0,0
L4,FLD0301,feces_As_10_0_7_4,NA,feces,Mice,As,0,0
L4,FLD0302,feces_As_10_0_8_1,NA,feces,Mice,As,0,0
L4,FLD0303,feces_As_10_0_8_3,NA,feces,Mice,As,0,0
L4,FLD0304,feces_As_10_0_8_5,NA,feces,Mice,As,0,0
L4,FLD0305,feces_Tb_1000_0_17_2,NA,feces,Mice,Tb,0,0
L4,FLD0306,feces_Tb_1000_0_17_4,NA,feces,Mice,Tb,0,0
L4,FLD0307,feces_Tb_1000_0_18_1,NA,feces,Mice,Tb,0,0
L4,FLD0308,feces_Tb_1000_0_18_3,NA,feces,Mice,Tb,0,0
L4,FLD0309,feces_Tb_1000_0_18_5,NA,feces,Mice,Tb,0,0
L4,FLD0310,feces_Ctr_0_1_20_1,NA,feces,Mice,Ctr,0,1
L4,FLD0311,feces_Ctr_0_1_20_3,NA,feces,Mice,Ctr,0,1
L4,FLD0312,feces_Ctr_0_1_20_5,NA,feces,Mice,Ctr,0,1
L4,FLD0313,feces_As_100_1_9_1,NA,feces,Mice,As,100,1
L4,FLD0314,feces_As_100_1_9_3,NA,feces,Mice,As,100,1
L4,FLD0315,feces_As_100_1_9_5,NA,feces,Mice,As,100,1
L4,FLD0316,feces_As_100_1_10_2,NA,feces,Mice,As,100,1
L4,FLD0317,feces_As_100_1_10_4,NA,feces,Mice,As,100,1
L4,FLD0319,roots_Tb_1000_1_2,Bx_,roots,plant_soil,Tb,1000,1
L4,FLD0321,feces_Bx_100_7_3_1,NA,feces,Mice,Bx,100,7
L4,FLD0322,feces_Bx_100_7_3_3,NA,feces,Mice,Bx,100,7
L4,FLD0323,feces_Bx_100_7_3_5,NA,feces,Mice,Bx,100,7
L4,FLD0324,feces_Bx_100_7_4_2,NA,feces,Mice,Bx,100,7
L4,FLD0325,roots_Tb_10_1_1,WT,roots,plant_soil,Tb,10,1
L4,FLD0326,roots_Tb_10_1_2,WT,roots,plant_soil,Tb,10,1
L4,FLD0327,roots_Tb_10_1_3,WT,roots,plant_soil,Tb,10,1
L4,FLD0328,water_Bx_1000_1_3,NA,water,lake_sedi,Bx,1000,1
L4,FLD0329,feces_Tb_100_7_15_1,NA,feces,Mice,Tb,100,7
L4,FLD0330,feces_Tb_100_7_15_3,NA,feces,Mice,Tb,100,7
L4,FLD0331,feces_Tb_100_7_15_5,NA,feces,Mice,Tb,100,7
L4,FLD0332,feces_Tb_100_7_16_2,NA,feces,Mice,Tb,100,7
L4,FLD0333,feces_Tb_100_7_16_4,NA,feces,Mice,Tb,100,7
L4,FLD0335,water_Tb_0_1_2,NA,water,lake_sedi,Ctr,0,1
L4,FLD0336,water_Tb_0_1_3,NA,water,lake_sedi,Ctr,0,1
L4,FLD0337,feces_Tb_1000_7_17_2,NA,feces,Mice,Tb,1000,7
L4,FLD0338,feces_Tb_1000_7_17_4,NA,feces,Mice,Tb,1000,7
L4,FLD0339,feces_Tb_1000_7_18_1,NA,feces,Mice,Tb,1000,7
L4,FLD0340,feces_Tb_1000_7_18_3,NA,feces,Mice,Tb,1000,7
L4,FLD0341,feces_Tb_1000_7_18_5,NA,feces,Mice,Tb,1000,7
L4,FLD0342,roots_As_10_1_4,Bx_,roots,plant_soil,As,10,1
L4,FLD0343,roots_As_10_1_5,Bx_,roots,plant_soil,As,10,1
L4,FLD0344,roots_As_10_1_6,Bx_,roots,plant_soil,As,10,1
L4,FLD0345,feces_Bx_1000_7_5_2,NA,feces,Mice,Bx,1000,7
L4,FLD0346,feces_Bx_1000_7_5_4,NA,feces,Mice,Bx,1000,7
L4,FLD0347,feces_Bx_1000_7_6_1,NA,feces,Mice,Bx,1000,7
L4,FLD0348,feces_Bx_1000_7_6_3,NA,feces,Mice,Bx,1000,7
L4,FLD0349,feces_Bx_1000_7_6_5,NA,feces,Mice,Bx,1000,7
L4,FLD0351,water_Tb_100_1_5,NA,water,lake_sedi,Tb,100,1
L4,FLD0352,water_Tb_100_1_6,NA,water,lake_sedi,Tb,100,1
L4,FLD0353,roots_Bx_1000_1_1,WT,roots,plant_soil,Bx,1000,1
L4,FLD0354,roots_Bx_1000_1_2,WT,roots,plant_soil,Bx,1000,1
L4,FLD0355,roots_Bx_1000_1_3,WT,roots,plant_soil,Bx,1000,1
L4,FLD0356,roots_As_1000_1_1,WT,roots,plant_soil,As,1000,1
L4,FLD0357,roots_As_1000_1_3,WT,roots,plant_soil,As,1000,1
L4,FLD0358,roots_Ctr_0_7_1,WT,roots,plant_soil,Ctr,0,7
L4,FLD0359,roots_Ctr_0_7_2,WT,roots,plant_soil,Ctr,0,7
L4,FLD0360,roots_Ctr_0_7_3,WT,roots,plant_soil,Ctr,0,7
L4,FLD0361,roots_Bx_10_1_1,Bx_,roots,plant_soil,Bx,10,1
L4,FLD0362,roots_Bx_10_1_2,Bx_,roots,plant_soil,Bx,10,1
L4,FLD0363,roots_Bx_10_1_3,Bx_,roots,plant_soil,Bx,10,1
L4,FLD0364,roots_As_100_1_1,Bx_,roots,plant_soil,As,100,1
L4,FLD0365,roots_As_100_1_2,Bx_,roots,plant_soil,As,100,1
L4,FLD0366,roots_As_100_1_3,Bx_,roots,plant_soil,As,100,1
L4,FLD0367,roots_Tb_1000_7_2,Bx_,roots,plant_soil,Tb,1000,7
L4,FLD0368,roots_Tb_1000_7_1,WT,roots,plant_soil,Tb,1000,7
L4,FLD0369,roots_Ctr_0_0_4,WT,roots,plant_soil,Ctr,0,0
L4,FLD0370,roots_Ctr_0_0_5,WT,roots,plant_soil,Ctr,0,0
L4,FLD0371,roots_Ctr_0_0_6,WT,roots,plant_soil,Ctr,0,0
L4,FLD0372,roots_Bx_10_1_4,WT,roots,plant_soil,Bx,10,1
L4,FLD0373,roots_Bx_10_1_5,WT,roots,plant_soil,Bx,10,1
L4,FLD0374,roots_Bx_10_1_6,WT,roots,plant_soil,Bx,10,1
L4,FLD0375,roots_Tb_10_7_7,WT,roots,plant_soil,Tb,10,7
L4,FLD0376,roots_As_1000_7_4,WT,roots,plant_soil,As,1000,7
L5,FLD0097,soil_Ctr_0_7_1,WT,soil,plant_soil,Ctr,0,7
L5,FLD0098,soil_Ctr_0_7_2,WT,soil,plant_soil,Ctr,0,7
L5,FLD0099,soil_Ctr_0_7_3,WT,soil,plant_soil,Ctr,0,7
L5,FLD0100,soil_Bx_1000_1_1,WT,soil,plant_soil,Bx,1000,1
L5,FLD0101,soil_Bx_1000_1_2,WT,soil,plant_soil,Bx,1000,1
L5,FLD0102,soil_Bx_1000_1_3,WT,soil,plant_soil,Bx,1000,1
L5,FLD0103,soil_Bx_10_7_2,WT,soil,plant_soil,Bx,10,7
L5,FLD0104,soil_Tb_100_7_2,WT,soil,plant_soil,Tb,100,7
L5,FLD0105,soil_Tb_10_1_1,Bx_,soil,plant_soil,Tb,10,1
L5,FLD0106,soil_Tb_10_1_2,Bx_,soil,plant_soil,Tb,10,1
L5,FLD0107,soil_Tb_10_1_3,Bx_,soil,plant_soil,Tb,10,1
L5,FLD0108,soil_As_1000_1_1,Bx_,soil,plant_soil,As,1000,1
L5,FLD0109,soil_As_1000_1_2,Bx_,soil,plant_soil,As,1000,1
L5,FLD0110,soil_As_1000_1_3,Bx_,soil,plant_soil,As,1000,1
L5,FLD0111,soil_Bx_10_7_1,Bx_,soil,plant_soil,Bx,10,7
L5,FLD0112,soil_Tb_100_7_1,Bx_,soil,plant_soil,Tb,100,7
L5,FLD0113,soil_Ctr_0_1_4,Bx_,soil,plant_soil,Ctr,0,1
L5,FLD0114,soil_Ctr_0_1_5,Bx_,soil,plant_soil,Ctr,0,1
L5,FLD0115,soil_Ctr_0_1_6,Bx_,soil,plant_soil,Ctr,0,1
L5,FLD0116,soil_Bx_100_1_4,Bx_,soil,plant_soil,Bx,100,1
L5,FLD0117,soil_Bx_100_1_5,Bx_,soil,plant_soil,Bx,100,1
L5,FLD0118,soil_Bx_100_1_6,Bx_,soil,plant_soil,Bx,100,1
L5,FLD0119,soil_Tb_10_7_6,Bx_,soil,plant_soil,Tb,10,7
L5,FLD0120,soil_As_1000_7_6,Bx_,soil,plant_soil,As,1000,7
L5,FLD0121,soil_Tb_1000_1_4,WT,soil,plant_soil,Tb,1000,1
L5,FLD0122,soil_Tb_1000_7_7,WT,soil,plant_soil,Tb,1000,7
L5,FLD0123,soil_Tb_1000_1_6,WT,soil,plant_soil,Tb,1000,1
L5,FLD0124,soil_As_100_1_4,WT,soil,plant_soil,As,100,1
L5,FLD0125,soil_As_100_1_5,WT,soil,plant_soil,As,100,1
L5,FLD0126,soil_As_100_1_6,WT,soil,plant_soil,As,100,1
L5,FLD0127,soil_Tb_10_7_5,WT,soil,plant_soil,Tb,10,7
L5,FLD0128,soil_As_1000_7_5,WT,soil,plant_soil,As,1000,7
L5,FLD0129,soil_Bx_100_7_1,WT,soil,plant_soil,Bx,100,7
L5,FLD0130,soil_Bx_100_7_2,WT,soil,plant_soil,Bx,100,7
L5,FLD0131,soil_Bx_100_7_3,WT,soil,plant_soil,Bx,100,7
L5,FLD0132,soil_As_10_7_1,WT,soil,plant_soil,As,10,7
L5,FLD0133,soil_As_10_7_2,WT,soil,plant_soil,As,10,7
L5,FLD0134,soil_As_10_7_3,WT,soil,plant_soil,As,10,7
L5,FLD0135,sedi_Bx_1000_1_1,NA,sedi,lake_sedi,Bx,1000,1
L5,FLD0136,sedi_Tb_10_1_1,NA,sedi,lake_sedi,Tb,10,1
L5,FLD0137,sedi_As_1000_1_1,NA,sedi,lake_sedi,As,1000,1
L5,FLD0138,sedi_As_1000_1_2,NA,sedi,lake_sedi,As,1000,1
L5,FLD0139,sedi_As_1000_1_3,NA,sedi,lake_sedi,As,1000,1
L5,FLD0140,sedi_Bx_100_1_1,NA,sedi,lake_sedi,Bx,100,1
L5,FLD0141,sedi_Bx_100_1_2,NA,sedi,lake_sedi,Bx,100,1
L5,FLD0142,sedi_Bx_100_1_3,NA,sedi,lake_sedi,Bx,100,1
L5,FLD0143,sedi_As_100_1_3,NA,sedi,lake_sedi,As,100,1
L5,FLD0144,water_Bx_10_1_3,NA,water,lake_sedi,Bx,10,1
L5,FLD0145,sedi_Bx_10_1_1,NA,sedi,lake_sedi,Bx,10,1
L5,FLD0146,sedi_Bx_10_1_2,NA,sedi,lake_sedi,Bx,10,1
L5,FLD0147,sedi_Bx_10_1_3,NA,sedi,lake_sedi,Bx,10,1
L5,FLD0148,sedi_As_10_1_1,NA,sedi,lake_sedi,As,10,1
L5,FLD0149,sedi_As_10_1_2,NA,sedi,lake_sedi,As,10,1
L5,FLD0150,sedi_As_10_1_3,NA,sedi,lake_sedi,As,10,1
L5,FLD0151,sedi_As_0_1_2,NA,sedi,lake_sedi,Ctr,0,1
L5,FLD0152,soil_Bx_100_7_7,WT,soil,plant_soil,Bx,100,7
L5,FLD0153,soil_Bx_100_7_7,Bx_,soil,plant_soil,Bx,100,7
L5,FLD0154,soil_Bx_1000_7_7,Bx_,soil,plant_soil,Bx,1000,7
L5,FLD0155,soil_Tb_1000_7_7,Bx_,soil,plant_soil,Tb,1000,7
L5,FLD0156,soil_As_10_7_7,Bx_,soil,plant_soil,As,10,7
L5,FLD0157,soil_As_100_7_7,Bx_,soil,plant_soil,As,100,7
L5,FLD0158,soil_As_1000_7_7,Bx_,soil,plant_soil,As,1000,7
L5,FLD0159,sedi_As_100_1_4,NA,sedi,lake_sedi,As,100,1
L5,FLD0160,water_Bx_10_1_4,NA,water,lake_sedi,Bx,10,1
L5,FLD0161,soil_As_100_7_4,Bx_,soil,plant_soil,As,100,7
L5,FLD0162,soil_As_100_7_5,Bx_,soil,plant_soil,As,100,7
L5,FLD0163,soil_As_100_7_6,Bx_,soil,plant_soil,As,100,7
L5,FLD0164,sedi_Tb_0_1_4,NA,sedi,lake_sedi,Ctr,0,1
L5,FLD0165,sedi_Tb_0_1_5,NA,sedi,lake_sedi,Ctr,0,1
L5,FLD0166,sedi_Tb_0_1_6,NA,sedi,lake_sedi,Ctr,0,1
L5,FLD0167,sedi_Tb_10_7_6,NA,sedi,lake_sedi,Tb,10,7
L5,FLD0168,sedi_As_10_7_6,NA,sedi,lake_sedi,As,10,7
L5,FLD0169,sedi_As_1000_7_1,NA,sedi,lake_sedi,As,1000,7
L5,FLD0170,sedi_As_1000_7_2,NA,sedi,lake_sedi,As,1000,7
L5,FLD0171,sedi_As_1000_7_3,NA,sedi,lake_sedi,As,1000,7
L5,FLD0172,sedi_Bx_10_7_1,NA,sedi,lake_sedi,Bx,10,7
L5,FLD0173,sedi_Bx_10_7_2,NA,sedi,lake_sedi,Bx,10,7
L5,FLD0174,sedi_Bx_10_7_3,NA,sedi,lake_sedi,Bx,10,7
L5,FLD0175,feces_Ctr_0_1_19_5,NA,feces,Mice,Ctr,0,1
L5,FLD0176,feces_Ctr_0_1_20_4,NA,feces,Mice,Ctr,0,1
L5,FLD0177,feces_Bx_1000_0_5_1,NA,feces,Mice,Bx,0,0
L5,FLD0178,feces_Bx_1000_0_5_5,NA,feces,Mice,Bx,0,0
L5,FLD0179,feces_Bx_1000_0_6_2,NA,feces,Mice,Bx,0,0
L5,FLD0180,feces_Bx_1000_0_6_4,NA,feces,Mice,Bx,0,0
L5,FLD0181,feces_Tb_100_1_15_1,NA,feces,Mice,Tb,100,1
L5,FLD0182,feces_Tb_100_1_15_3,NA,feces,Mice,Tb,100,1
L5,FLD0183,feces_Tb_100_1_15_5,NA,feces,Mice,Tb,100,1
L5,FLD0184,feces_Tb_100_1_16_2,NA,feces,Mice,Tb,100,1
L5,FLD0193,feces_Tb_10_0_13_1,NA,feces,Mice,Tb,0,0
L5,FLD0194,feces_Tb_10_0_13_3,NA,feces,Mice,Tb,0,0
L5,FLD0195,feces_Tb_10_0_13_5,NA,feces,Mice,Tb,0,0
L5,FLD0196,feces_Tb_10_0_14_2,NA,feces,Mice,Tb,0,0
L5,FLD0197,feces_Tb_10_0_14_4,NA,feces,Mice,Tb,0,0
L5,FLD0198,feces_As_1000_1_12_4,NA,feces,Mice,As,1000,1
L5,FLD0199,feces_Tb_10_1_14_4,NA,feces,Mice,Tb,10,1
L5,FLD0200,feces_Bx_10_1_2_4,NA,feces,Mice,Bx,10,1
L5,FLD0201,feces_Tb_100_0_15_2,NA,feces,Mice,Tb,0,0
L5,FLD0202,feces_Tb_100_0_15_4,NA,feces,Mice,Tb,0,0
L5,FLD0203,feces_Tb_100_0_16_1,NA,feces,Mice,Tb,0,0
L5,FLD0204,feces_Tb_100_0_16_3,NA,feces,Mice,Tb,0,0
L5,FLD0205,feces_As_1000_1_12_5,NA,feces,Mice,As,1000,1
L5,FLD0206,feces_Bx_100_0_3_4,NA,feces,Mice,Bx,0,0
L5,FLD0207,feces_Bx_100_0_4_1,NA,feces,Mice,Bx,0,0
L5,FLD0208,feces_Bx_100_0_4_5,NA,feces,Mice,Bx,0,0
L5,FLD0209,feces_Bx_10_0_1_2,NA,feces,Mice,Bx,0,0
L5,FLD0210,feces_Bx_10_0_1_4,NA,feces,Mice,Bx,0,0
L5,FLD0211,feces_Bx_10_0_2_1,NA,feces,Mice,Bx,0,0
L5,FLD0212,feces_Bx_10_0_2_5,NA,feces,Mice,Bx,0,0
L5,FLD0213,feces_As_1000_1_11_2,NA,feces,Mice,As,1000,1
L5,FLD0214,feces_As_1000_1_11_4,NA,feces,Mice,As,1000,1
L5,FLD0215,feces_As_1000_1_12_1,NA,feces,Mice,As,1000,1
L5,FLD0216,feces_As_1000_1_12_3,NA,feces,Mice,As,1000,1
L5,FLD0217,feces_Bx_1000_1_5_1,NA,feces,Mice,Bx,1000,1
L5,FLD0218,feces_Bx_1000_1_5_3,NA,feces,Mice,Bx,1000,1
L5,FLD0219,feces_Bx_1000_1_5_5,NA,feces,Mice,Bx,1000,1
L5,FLD0220,feces_Bx_1000_1_6_2,NA,feces,Mice,Bx,1000,1
L5,FLD0221,feces_Bx_1000_1_6_4,NA,feces,Mice,Bx,1000,1
L5,FLD0222,roots_As_10_1_1,WT,roots,plant_soil,As,10,1
L5,FLD0223,roots_As_10_1_2,WT,roots,plant_soil,As,10,1
L5,FLD0225,feces_As_1000_7_11_1,NA,feces,Mice,As,1000,7
L5,FLD0226,feces_As_1000_7_11_3,NA,feces,Mice,As,1000,7
L5,FLD0227,feces_As_1000_7_11_5,NA,feces,Mice,As,1000,7
L5,FLD0228,feces_As_1000_7_12_2,NA,feces,Mice,As,1000,7
L5,FLD0229,feces_As_1000_7_12_4,NA,feces,Mice,As,1000,7
L5,FLD0230,roots_Bx_100_1_1,Bx_,roots,plant_soil,Bx,100,1
L5,FLD0231,roots_Bx_100_1_2,Bx_,roots,plant_soil,Bx,100,1
L5,FLD0232,roots_Bx_100_1_3,Bx_,roots,plant_soil,Bx,100,1
L5,FLD0233,feces_Tb_1000_1_17_4,NA,feces,Mice,Tb,1000,1
L5,FLD0234,feces_Tb_1000_1_18_3,NA,feces,Mice,Tb,1000,1
L5,FLD0235,feces_Tb_1000_1_18_5,NA,feces,Mice,Tb,1000,1
L5,FLD0236,feces_Bx_10_7_1_2,NA,feces,Mice,Bx,10,7
L5,FLD0237,feces_Bx_10_7_1_4,NA,feces,Mice,Bx,10,7
L5,FLD0238,feces_Bx_10_7_2_1,NA,feces,Mice,Bx,10,7
L5,FLD0239,feces_Bx_10_7_2_5,NA,feces,Mice,Bx,10,7
L5,FLD0240,roots_Ctr_0_1_1,WT,roots,plant_soil,Ctr,0,1
L5,FLD0241,feces_Ctr_0_7_19_2,NA,feces,Mice,Ctr,0,7
L5,FLD0242,feces_Ctr_0_7_19_4,NA,feces,Mice,Ctr,0,7
L5,FLD0243,feces_Ctr_0_7_20_1,NA,feces,Mice,Ctr,0,7
L5,FLD0244,feces_Ctr_0_7_20_3,NA,feces,Mice,Ctr,0,7
L5,FLD0245,feces_Ctr_0_7_20_5,NA,feces,Mice,Ctr,0,7
L5,FLD0246,roots_Tb_10_1_4,Bx_,roots,plant_soil,Tb,10,1
L5,FLD0247,roots_Tb_10_1_5,Bx_,roots,plant_soil,Tb,10,1
L5,FLD0248,roots_Tb_10_1_6,Bx_,roots,plant_soil,Tb,10,1
L5,FLD0249,feces_As_100_7_9_2,NA,feces,Mice,As,100,7
L5,FLD0250,feces_As_100_7_9_4,NA,feces,Mice,As,100,7
L5,FLD0251,feces_As_100_7_10_1,NA,feces,Mice,As,100,7
L5,FLD0252,feces_As_100_7_10_3,NA,feces,Mice,As,100,7
L5,FLD0253,roots_Bx_100_1_4,WT,roots,plant_soil,Bx,100,1
L5,FLD0254,roots_Bx_100_1_5,WT,roots,plant_soil,Bx,100,1
L5,FLD0255,roots_Bx_100_1_6,WT,roots,plant_soil,Bx,100,1
L5,FLD0256,roots_As_1000_1_2,WT,roots,plant_soil,As,1000,1
L5,FLD0257,roots_As_100_7_1,WT,roots,plant_soil,As,100,7
L5,FLD0258,roots_As_100_7_2,WT,roots,plant_soil,As,100,7
L5,FLD0259,roots_As_100_7_3,WT,roots,plant_soil,As,100,7
L5,FLD0260,roots_Bx_1000_7_1,WT,roots,plant_soil,Bx,1000,7
L5,FLD0261,roots_Bx_1000_7_2,WT,roots,plant_soil,Bx,1000,7
L5,FLD0262,roots_Bx_1000_7_3,WT,roots,plant_soil,Bx,1000,7
L5,FLD0263,roots_Bx_1000_7_7,WT,roots,plant_soil,Bx,1000,7
L5,FLD0264,roots_As_10_7_3,WT,roots,plant_soil,As,10,7
L5,FLD0265,roots_As_1000_1_1,Bx_,roots,plant_soil,As,1000,1
L5,FLD0266,roots_As_1000_1_2,Bx_,roots,plant_soil,As,1000,1
L5,FLD0267,roots_As_1000_1_3,Bx_,roots,plant_soil,As,1000,1
L5,FLD0268,roots_Bx_1000_1_1,Bx_,roots,plant_soil,Bx,1000,1
L5,FLD0269,roots_Bx_1000_1_2,Bx_,roots,plant_soil,Bx,1000,1
L5,FLD0270,roots_Bx_1000_1_3,Bx_,roots,plant_soil,Bx,1000,1
L5,FLD0271,roots_Tb_1000_7_3,Bx_,roots,plant_soil,Tb,1000,7
L5,FLD0272,roots_Tb_1000_7_2,WT,roots,plant_soil,Tb,1000,7
L5,FLD0273,roots_Tb_100_1_4,WT,roots,plant_soil,Tb,100,1
L5,FLD0274,roots_Tb_100_1_5,WT,roots,plant_soil,Tb,100,1
L5,FLD0275,roots_Tb_100_1_6,WT,roots,plant_soil,Tb,100,1
L5,FLD0276,roots_As_100_1_4,WT,roots,plant_soil,As,100,1
L5,FLD0277,roots_As_100_1_5,WT,roots,plant_soil,As,100,1
L5,FLD0278,roots_As_100_1_6,WT,roots,plant_soil,As,100,1
L5,FLD0279,roots_Tb_10_7_8,WT,roots,plant_soil,Tb,10,7
L5,FLD0280,roots_As_1000_7_5,WT,roots,plant_soil,As,1000,7
L5,FLD0289,roots_Tb_100_1_4,Bx_,roots,plant_soil,Tb,100,1
L5,FLD0290,roots_Tb_100_1_5,Bx_,roots,plant_soil,Tb,100,1
L5,FLD0291,roots_Tb_100_1_6,Bx_,roots,plant_soil,Tb,100,1
L5,FLD0292,roots_Ctr_0_0_4,Bx_,roots,plant_soil,Ctr,0,0
L5,FLD0293,roots_Ctr_0_0_5,Bx_,roots,plant_soil,Ctr,0,0
L5,FLD0294,roots_Ctr_0_0_6,Bx_,roots,plant_soil,Ctr,0,0
L5,FLD0295,roots_As_10_7_4,WT,roots,plant_soil,As,10,7
L5,FLD0296,roots_As_1000_7_4,Bx_,roots,plant_soil,As,1000,7
L5,FLD0297,roots_Bx_1000_7_4,Bx_,roots,plant_soil,Bx,1000,7
L5,FLD0298,roots_Bx_1000_7_5,Bx_,roots,plant_soil,Bx,1000,7
L5,FLD0299,roots_Bx_1000_7_6,Bx_,roots,plant_soil,Bx,1000,7
L5,FLD0300,roots_Bx_1000_7_7,Bx_,roots,plant_soil,Bx,1000,7
L5,FLD0301,roots_Tb_100_7_4,Bx_,roots,plant_soil,Tb,100,7
L5,FLD0302,roots_Tb_100_7_5,Bx_,roots,plant_soil,Tb,100,7
L5,FLD0303,roots_Tb_100_7_6,Bx_,roots,plant_soil,Tb,100,7
L5,FLD0304,roots_Tb_100_7_7,Bx_,roots,plant_soil,Tb,100,7
L5,FLD0305,water_As_100_1_1,NA,water,lake_sedi,As,100,1
L5,FLD0306,water_As_100_1_2,NA,water,lake_sedi,As,100,1
L5,FLD0307,water_As_100_1_3,NA,water,lake_sedi,As,100,1
L5,FLD0313,water_Bx_10_7_1,NA,water,lake_sedi,Bx,10,7
L5,FLD0314,water_Bx_10_7_2,NA,water,lake_sedi,Bx,10,7
L5,FLD0321,roots_Bx_100_7_4,Bx_,roots,plant_soil,Bx,100,7
L5,FLD0322,roots_Bx_100_7_5,Bx_,roots,plant_soil,Bx,100,7
L5,FLD0323,roots_Bx_100_7_6,Bx_,roots,plant_soil,Bx,100,7
L5,FLD0329,water_As_1000_1_4,NA,water,lake_sedi,As,1000,1
L5,FLD0330,water_As_1000_1_5,NA,water,lake_sedi,As,1000,1
L5,FLD0331,water_As_1000_1_6,NA,water,lake_sedi,As,1000,1
L5,FLD0337,water_Bx_1000_7_4,NA,water,lake_sedi,Bx,1000,7
L5,FLD0338,water_Tb_100_7_1,NA,water,lake_sedi,Tb,100,7
L5,FLD0339,water_Tb_100_7_2,NA,water,lake_sedi,Tb,100,7
L5,FLD0340,water_Tb_100_7_3,NA,water,lake_sedi,Tb,100,7
L5,FLD0341,water_As_0_7_1,NA,water,lake_sedi,Ctr,0,7
L5,FLD0342,water_As_0_7_2,NA,water,lake_sedi,Ctr,0,7
L5,FLD0343,water_As_0_7_3,NA,water,lake_sedi,Ctr,0,7
L5,FLD0353,water_As_10_7_4,NA,water,lake_sedi,As,10,7
L5,FLD0354,water_As_10_7_5,NA,water,lake_sedi,As,10,7
L5,FLD0355,water_As_10_7_6,NA,water,lake_sedi,As,10,7
